"search","oracle",".value",".lower",".upper",".width",".point",".interval"
"bfs","compassql",25.0281571961109,18.3147376469229,32.0150224590567,0.95,"mean","qi"
"bfs","dziban",27.5118427242675,20.3963516489426,34.5302224100745,0.95,"mean","qi"
"dfs","compassql",23.4505242901744,16.3245369181815,30.3379342376432,0.95,"mean","qi"
"dfs","dziban",26.0531920879024,19.0064240154041,32.9051738135862,0.95,"mean","qi"
"bfs","compassql",25.0281571961109,22.5375831433161,27.4713541034038,0.5,"mean","qi"
"bfs","dziban",27.5118427242675,25.0084990791738,30.0043983918186,0.5,"mean","qi"
"dfs","compassql",23.4505242901744,20.9632883405413,25.9278160326179,0.5,"mean","qi"
"dfs","dziban",26.0531920879024,23.5294654463569,28.5976720175144,0.5,"mean","qi"
