"search","oracle",".value",".lower",".upper",".width",".point",".interval"
"bfs","compassql",27.2112155878273,17.8169284986214,36.9943899686402,0.95,"mean","qi"
"bfs","dziban",29.2791975097288,17.2470170117901,40.4518014197126,0.95,"mean","qi"
"dfs","compassql",19.5540088909772,11.4836440261191,27.8434563230589,0.95,"mean","qi"
"dfs","dziban",26.0111907816249,17.9852741233009,34.4860076233098,0.95,"mean","qi"
"bfs","compassql",27.2112155878273,23.7378483251607,30.4734677932493,0.5,"mean","qi"
"bfs","dziban",29.2791975097288,24.5603442833277,34.0076637500388,0.5,"mean","qi"
"dfs","compassql",19.5540088909772,16.7071897369098,22.3487618367831,0.5,"mean","qi"
"dfs","dziban",26.0111907816249,23.1925633068386,28.7921394427306,0.5,"mean","qi"
