"search","oracle",".value",".lower",".upper",".width",".point",".interval"
"bfs","compassql",21.5145104908624,13.2906216562667,29.4562514623392,0.95,"mean","qi"
"bfs","dziban",24.3377759633189,8.27596208448081,39.0750458056272,0.95,"mean","qi"
"dfs","compassql",25.5490993438191,17.1115728641608,33.7850599935203,0.95,"mean","qi"
"dfs","dziban",24.4443426946163,16.044457053687,32.2900267565969,0.95,"mean","qi"
"bfs","compassql",21.5145104908624,18.7469621673076,24.3457794495933,0.5,"mean","qi"
"bfs","dziban",24.3377759633189,15.3395654606213,32.9245240162773,0.5,"mean","qi"
"dfs","compassql",25.5490993438191,22.8009463661045,28.3914809321535,0.5,"mean","qi"
"dfs","dziban",24.4443426946163,21.7643677029726,27.1646241087947,0.5,"mean","qi"
