"search","oracle",".value",".lower",".upper",".width",".point",".interval"
"bfs","compassql",23.5033795026836,16.7154325870606,30.4532707308315,0.95,"mean","qi"
"bfs","dziban",25.9870650308402,19.0297593935287,32.9590672967332,0.95,"mean","qi"
"dfs","compassql",21.9257465967471,14.8750441867452,28.7076114552778,0.95,"mean","qi"
"dfs","dziban",24.5284143944751,17.442129978492,31.3239384523189,0.95,"mean","qi"
"bfs","compassql",23.5033795026836,21.0213944468105,25.9598472068185,0.5,"mean","qi"
"bfs","dziban",25.9870650308402,23.5193884575823,28.5696268335108,0.5,"mean","qi"
"dfs","compassql",21.9257465967471,19.4306139505685,24.4073452457631,0.5,"mean","qi"
"dfs","dziban",24.5284143944751,22.0897738792398,27.0254970758507,0.5,"mean","qi"
