"search","oracle",".value",".lower",".upper",".width",".point",".interval"
"bfs","compassql",23.5769240585351,16.6800391906414,30.7251942268615,0.95,"mean","qi"
"bfs","dziban",26.1237036933545,19.2042337317541,33.0134016643615,0.95,"mean","qi"
"dfs","compassql",21.8295690813631,14.9026720113116,28.6276549316999,0.95,"mean","qi"
"dfs","dziban",24.4898770461273,17.2459523732842,31.5042669719488,0.95,"mean","qi"
"bfs","compassql",23.5769240585351,21.0668600260174,26.0162983270509,0.5,"mean","qi"
"bfs","dziban",26.1237036933545,23.6741148938592,28.5906536862836,0.5,"mean","qi"
"dfs","compassql",21.8295690813631,19.3534558881012,24.3401850267116,0.5,"mean","qi"
"dfs","dziban",24.4898770461273,22.011673721957,27.0399161557782,0.5,"mean","qi"
