"oracle","task","diff",".lower",".upper",".width",".point",".interval"
"dziban - compassql","3. Prediction",-0.308042148118194,-13.1600019752614,12.1185830844743,0.95,"mean","qi"
"dziban - compassql","4. Exploration",3.26628389090629,-7.20774528362965,13.8092383642389,0.95,"mean","qi"
"dziban - compassql","3. Prediction",-0.308042148118194,-4.77163129296443,4.23279626286298,0.5,"mean","qi"
"dziban - compassql","4. Exploration",3.26628389090629,-0.447032242565757,6.88458372936386,0.5,"mean","qi"
