"oracle","task","diff",".lower",".upper",".width",".point",".interval"
"dziban - compassql","3. Prediction",-0.353179076243058,-12.9291332598072,12.5080748850697,0.95,"mean","qi"
"dziban - compassql","4. Exploration",3.3129307096089,-7.17092455078827,14.2839929878369,0.95,"mean","qi"
"dziban - compassql","3. Prediction",-0.353179076243058,-4.88679204236879,4.12907193097863,0.5,"mean","qi"
"dziban - compassql","4. Exploration",3.3129307096089,-0.432366034725658,6.89596998687877,0.5,"mean","qi"
