"oracle","task","diff",".lower",".upper",".width",".point",".interval"
"dziban - compassql","3. Prediction",1.45905447670109,-6.20723097041015,8.82747602715789,0.95,"mean","qi"
"dziban - compassql","4. Exploration",1.57110951261262,-5.76486488157684,8.95206984129477,0.95,"mean","qi"
"dziban - compassql","3. Prediction",1.45905447670109,-1.09466965931965,4.01562660502539,0.5,"mean","qi"
"dziban - compassql","4. Exploration",1.57110951261262,-1.0035962464604,4.11827246176633,0.5,"mean","qi"
