"search","dataset","task","diff",".lower",".upper",".width",".point",".interval"
"dfs - bfs","birdstrikes","3. Prediction",6.06358706958821,-4.64896325200942,16.9793715210324,0.95,"mean","qi"
"dfs - bfs","birdstrikes","4. Exploration",-1.77956779901818,-12.7710191496966,9.44759646008298,0.95,"mean","qi"
"dfs - bfs","movies","3. Prediction",-0.161485420107939,-10.2000233099591,10.5895115653078,0.95,"mean","qi"
"dfs - bfs","movies","4. Exploration",-7.26274223836908,-17.7167756063386,3.34431862374597,0.95,"mean","qi"
"dfs - bfs","birdstrikes","3. Prediction",6.06358706958821,2.27099398239041,9.6596624055207,0.5,"mean","qi"
"dfs - bfs","birdstrikes","4. Exploration",-1.77956779901818,-5.43666760991864,1.99052205680548,0.5,"mean","qi"
"dfs - bfs","movies","3. Prediction",-0.161485420107939,-3.89115548911018,3.468745256045,0.5,"mean","qi"
"dfs - bfs","movies","4. Exploration",-7.26274223836908,-10.8995138640892,-3.61870306977007,0.5,"mean","qi"
