"search","task","diff",".lower",".upper",".width",".point",".interval"
"dfs - bfs","3. Prediction",-0.924228004710067,-8.34701048322865,6.66414355592099,0.95,"mean","qi"
"dfs - bfs","4. Exploration",-0.856427682251818,-8.37134638175656,6.66233930970084,0.95,"mean","qi"
"dfs - bfs","3. Prediction",-0.924228004710067,-3.50289289197086,1.55886454301875,0.5,"mean","qi"
"dfs - bfs","4. Exploration",-0.856427682251818,-3.41920482296445,1.69082307800582,0.5,"mean","qi"
