"search","task","diff",".lower",".upper",".width",".point",".interval"
"dfs - bfs","3. Prediction",2.91704327058338,-8.74419075631613,15.0513650552515,0.95,"mean","qi"
"dfs - bfs","4. Exploration",-4.56021150555737,-16.3413640583859,7.4390497461766,0.95,"mean","qi"
"dfs - bfs","3. Prediction",2.91704327058338,-1.3402665112889,7.16042010655773,0.5,"mean","qi"
"dfs - bfs","4. Exploration",-4.56021150555737,-8.7361777320547,-0.533221303373733,0.5,"mean","qi"
