"search","task","diff",".lower",".upper",".width",".point",".interval"
"dfs - bfs","3. Prediction",-0.821432999157919,-8.28153226959459,6.73585697909568,0.95,"mean","qi"
"dfs - bfs","4. Exploration",-0.759915216249246,-7.96696641244562,6.78768341321405,0.95,"mean","qi"
"dfs - bfs","3. Prediction",-0.821432999157919,-3.37974734230373,1.78198786162136,0.5,"mean","qi"
"dfs - bfs","4. Exploration",-0.759915216249246,-3.26955617610727,1.78915372103308,0.5,"mean","qi"
