"search","dataset","task","diff",".lower",".upper",".width",".point",".interval"
"dfs - bfs","birdstrikes","3. Prediction",-0.776425708941496,-8.35911147039941,6.8628508279707,0.95,"mean","qi"
"dfs - bfs","birdstrikes","4. Exploration",-0.753698272791607,-8.0144320661692,6.93081863992166,0.95,"mean","qi"
"dfs - bfs","movies","3. Prediction",-0.866440289374341,-8.19220125099001,6.54818189089348,0.95,"mean","qi"
"dfs - bfs","movies","4. Exploration",-0.766132159706886,-7.87116941248124,6.53546981757487,0.95,"mean","qi"
"dfs - bfs","birdstrikes","3. Prediction",-0.776425708941496,-3.29776721430699,1.81692781177789,0.5,"mean","qi"
"dfs - bfs","birdstrikes","4. Exploration",-0.753698272791607,-3.34935682897156,1.85812781924149,0.5,"mean","qi"
"dfs - bfs","movies","3. Prediction",-0.866440289374341,-3.47526132075472,1.73591726990993,0.5,"mean","qi"
"dfs - bfs","movies","4. Exploration",-0.766132159706886,-3.16216020934802,1.74018973317847,0.5,"mean","qi"
