"search","task","diff",".lower",".upper",".width",".point",".interval"
"dfs - bfs","3. Prediction",2.95105082474013,-8.97442087387985,15.473934099053,0.95,"mean","qi"
"dfs - bfs","4. Exploration",-4.52115501869363,-16.2202656080476,8.02940174353749,0.95,"mean","qi"
"dfs - bfs","3. Prediction",2.95105082474013,-1.3854964525541,7.15759663143945,0.5,"mean","qi"
"dfs - bfs","4. Exploration",-4.52115501869363,-8.72492127272493,-0.454438426885314,0.5,"mean","qi"
