"search","dataset","task","diff",".lower",".upper",".width",".point",".interval"
"dfs - bfs","birdstrikes","3. Prediction",5.92459645005085,-4.96346169140859,16.6581201810319,0.95,"mean","qi"
"dfs - bfs","birdstrikes","4. Exploration",-1.80109137010635,-12.4899325676348,9.26073537736165,0.95,"mean","qi"
"dfs - bfs","movies","3. Prediction",-0.0905099088840944,-10.2176552530411,10.1560766982621,0.95,"mean","qi"
"dfs - bfs","movies","4. Exploration",-7.31933164100838,-17.9935101295087,3.28435845881973,0.95,"mean","qi"
"dfs - bfs","birdstrikes","3. Prediction",5.92459645005085,2.23716180178601,9.58850869418071,0.5,"mean","qi"
"dfs - bfs","birdstrikes","4. Exploration",-1.80109137010635,-5.36452519784028,1.90555184857413,0.5,"mean","qi"
"dfs - bfs","movies","3. Prediction",-0.0905099088840944,-3.58557916184414,3.40337612507512,0.5,"mean","qi"
"dfs - bfs","movies","4. Exploration",-7.31933164100838,-10.7634866125493,-3.78589273069282,0.5,"mean","qi"
