"oracle","task","diff",".lower",".upper",".width",".point",".interval"
"dziban - compassql","1. Find Extremum",-1.76131652364178,-31.5326098118867,29.1029939653248,0.95,"mean","qi"
"dziban - compassql","2. Retrieve Value",-1.88152896158926,-32.6111811102941,30.1592899473361,0.95,"mean","qi"
"dziban - compassql","3. Prediction",-5.32376067787963,-95.2748896364538,88.5368455997047,0.95,"mean","qi"
"dziban - compassql","4. Exploration",-5.91829528782411,-104.548678952787,96.9774902439279,0.95,"mean","qi"
"dziban - compassql","1. Find Extremum",-1.76131652364178,-12.0854103760985,8.29500160824778,0.5,"mean","qi"
"dziban - compassql","2. Retrieve Value",-1.88152896158926,-12.7726480957273,8.60358380648177,0.5,"mean","qi"
"dziban - compassql","3. Prediction",-5.32376067787963,-36.9642520750177,25.1851067238898,0.5,"mean","qi"
"dziban - compassql","4. Exploration",-5.91829528782411,-40.5342054114058,28.0075154291504,0.5,"mean","qi"
