"oracle","task","diff",".lower",".upper",".width",".point",".interval"
"dziban - compassql","1. Find Extremum",-2.1122866379374,-75.5773720168654,71.6763234026155,0.95,"mean","qi"
"dziban - compassql","2. Retrieve Value",-1.54937828145658,-77.5147224099079,74.8519658620075,0.95,"mean","qi"
"dziban - compassql","3. Prediction",-5.46750888521195,-224.218135714081,218.628733962491,0.95,"mean","qi"
"dziban - compassql","4. Exploration",-5.43206710519334,-252.288166536807,243.366675536967,0.95,"mean","qi"
"dziban - compassql","1. Find Extremum",-2.1122866379374,-25.9145150309283,22.31217062198,0.5,"mean","qi"
"dziban - compassql","2. Retrieve Value",-1.54937828145658,-27.0525771801881,23.4308572102519,0.5,"mean","qi"
"dziban - compassql","3. Prediction",-5.46750888521195,-78.7561136198507,67.4420952622119,0.5,"mean","qi"
"dziban - compassql","4. Exploration",-5.43206710519334,-88.8677864646961,76.954722225797,0.5,"mean","qi"
