"oracle","task","difference",".lower",".upper",".width",".point",".interval"
"dziban - compassql","1. Find Extremum",-6.70070702992541,-35.7615058063516,20.5785099818762,0.95,"mean","qi"
"dziban - compassql","2. Retrieve Value",-6.73204887186382,-36.6882635179936,21.2908440286506,0.95,"mean","qi"
"dziban - compassql","3. Prediction",-20.4338041025469,-110.212181377682,63.7377134219116,0.95,"mean","qi"
"dziban - compassql","4. Exploration",-22.6436121807223,-120.730662644333,71.4737736396905,0.95,"mean","qi"
"dziban - compassql","1. Find Extremum",-6.70070702992541,-16.2523106532082,2.96234949163757,0.5,"mean","qi"
"dziban - compassql","2. Retrieve Value",-6.73204887186382,-16.4333584267042,2.96259808746584,0.5,"mean","qi"
"dziban - compassql","3. Prediction",-20.4338041025469,-49.4392963698765,9.14131504213401,0.5,"mean","qi"
"dziban - compassql","4. Exploration",-22.6436121807223,-55.263258960255,9.9741867906103,0.5,"mean","qi"
