"oracle","task","difference",".lower",".upper",".width",".point",".interval"
"dziban - compassql","1. Find Extremum",-6.70070702992541,-35.8231201799449,20.9249643628543,0.95,"mean","qi"
"dziban - compassql","2. Retrieve Value",-6.73204887186382,-36.5673501206669,21.3362655948185,0.95,"mean","qi"
"dziban - compassql","3. Prediction",-20.4338041025469,-110.904133938419,64.7357072793671,0.95,"mean","qi"
"dziban - compassql","4. Exploration",-22.6436121807223,-123.569373094774,71.3762387684041,0.95,"mean","qi"
"dziban - compassql","1. Find Extremum",-6.70070702992541,-16.2600105822543,2.94750255895414,0.5,"mean","qi"
"dziban - compassql","2. Retrieve Value",-6.73204887186382,-16.3593331493947,2.97670005374187,0.5,"mean","qi"
"dziban - compassql","3. Prediction",-20.4338041025469,-49.4784445856782,9.21367144360147,0.5,"mean","qi"
"dziban - compassql","4. Exploration",-22.6436121807223,-55.0176983740309,10.1839943308719,0.5,"mean","qi"
