"oracle","task","difference",".lower",".upper",".width",".point",".interval"
"dziban - compassql","1. Find Extremum",-2.42071506974779,-52.5195332311586,45.1481274687753,0.95,"mean","qi"
"dziban - compassql","2. Retrieve Value",-2.51052403649608,-54.3066034509154,46.8164988817868,0.95,"mean","qi"
"dziban - compassql","3. Prediction",-7.29499866778993,-160.840698591421,137.371433774076,0.95,"mean","qi"
"dziban - compassql","4. Exploration",-8.03488050696812,-176.985793958967,149.824266301919,0.95,"mean","qi"
"dziban - compassql","1. Find Extremum",-2.42071506974779,-19.0924889498849,14.7060618693732,0.5,"mean","qi"
"dziban - compassql","2. Retrieve Value",-2.51052403649608,-19.9781974551087,15.424637635698,0.5,"mean","qi"
"dziban - compassql","3. Prediction",-7.29499866778993,-57.9953854555872,44.6061021182354,0.5,"mean","qi"
"dziban - compassql","4. Exploration",-8.03488050696812,-64.4409071295036,49.0085832105187,0.5,"mean","qi"
