"oracle","task","diff_in_time",".lower",".upper",".width",".point",".interval"
"dziban - compassql","1. Find Extremum",-25.7874462982822,-156.800718399828,87.2552302936354,0.95,"mean","qi"
"dziban - compassql","2. Retrieve Value",15.9810231103223,-95.3908995146545,136.990123962489,0.95,"mean","qi"
"dziban - compassql","3. Prediction",-78.2203440795377,-431.957615135606,268.277462881022,0.95,"mean","qi"
"dziban - compassql","4. Exploration",3.61386015139118,-394.817501761221,402.138164264151,0.95,"mean","qi"
"dziban - compassql","1. Find Extremum",-25.7874462982822,-65.7934259057301,17.054774792865,0.5,"mean","qi"
"dziban - compassql","2. Retrieve Value",15.9810231103223,-22.7874667138259,54.3050563189626,0.5,"mean","qi"
"dziban - compassql","3. Prediction",-78.2203440795377,-193.091319471725,39.7202252640712,0.5,"mean","qi"
"dziban - compassql","4. Exploration",3.61386015139118,-126.514422799724,133.852926566597,0.5,"mean","qi"
