"oracle","task","diff_in_time",".lower",".upper",".width",".point",".interval"
"dziban - compassql","1. Find Extremum",-7.68372798762355,-81.5764687373454,66.3731705865783,0.95,"mean","qi"
"dziban - compassql","2. Retrieve Value",-6.91117142587407,-87.678428491997,71.3571800581195,0.95,"mean","qi"
"dziban - compassql","3. Prediction",-20.9803286667082,-256.664524454969,208.494336056066,0.95,"mean","qi"
"dziban - compassql","4. Exploration",-24.1574907200331,-286.337240904176,237.550255446872,0.95,"mean","qi"
"dziban - compassql","1. Find Extremum",-7.68372798762355,-32.1460800403192,16.5836422558,0.5,"mean","qi"
"dziban - compassql","2. Retrieve Value",-6.91117142587407,-33.0562427202064,19.8323303175848,0.5,"mean","qi"
"dziban - compassql","3. Prediction",-20.9803286667082,-98.638032439118,56.3989978366527,0.5,"mean","qi"
"dziban - compassql","4. Exploration",-24.1574907200331,-114.659746902223,62.1259123867548,0.5,"mean","qi"
