"participant_group","task","difference",".lower",".upper",".width",".point",".interval"
"student - professional","1. Find Extremum",13.5479977905721,-15.1701134725259,41.8693171491701,0.95,"mean","qi"
"student - professional","2. Retrieve Value",13.6818879399723,-15.5546140187252,42.7738770553654,0.95,"mean","qi"
"student - professional","3. Prediction",41.4540607041681,-47.5569572242716,129.849937287773,0.95,"mean","qi"
"student - professional","4. Exploration",45.873627986878,-51.6107459021272,143.588830926182,0.95,"mean","qi"
"student - professional","1. Find Extremum",13.5479977905721,3.59641978989524,23.3920912669284,0.5,"mean","qi"
"student - professional","2. Retrieve Value",13.6818879399723,3.64475477533851,23.5807713221822,0.5,"mean","qi"
"student - professional","3. Prediction",41.4540607041681,11.0848649309373,71.5358746848755,0.5,"mean","qi"
"student - professional","4. Exploration",45.873627986878,12.1687848041593,79.0713893266514,0.5,"mean","qi"
