"participant_group","task","difference",".lower",".upper",".width",".point",".interval"
"student - professional","1. Find Extremum",13.5479977905721,-15.3808245861301,42.4861525593206,0.95,"mean","qi"
"student - professional","2. Retrieve Value",13.6818879399723,-15.7279349645103,42.9493139603104,0.95,"mean","qi"
"student - professional","3. Prediction",41.4540607041681,-46.6683605042968,130.170491418757,0.95,"mean","qi"
"student - professional","4. Exploration",45.873627986878,-52.1545862884357,144.323841706938,0.95,"mean","qi"
"student - professional","1. Find Extremum",13.5479977905721,3.58925139001735,23.3557223042329,0.5,"mean","qi"
"student - professional","2. Retrieve Value",13.6818879399723,3.63442034933801,23.6434211517751,0.5,"mean","qi"
"student - professional","3. Prediction",41.4540607041681,11.0207490804374,71.5752594088581,0.5,"mean","qi"
"student - professional","4. Exploration",45.873627986878,12.0698627660548,79.0496537732672,0.5,"mean","qi"
