"participant_group","task","difference",".lower",".upper",".width",".point",".interval"
"student - professional","1. Find Extremum",10.3680387800722,-20.8520215967156,42.0511615925842,0.95,"mean","qi"
"student - professional","2. Retrieve Value",10.8410878484732,-22.1238086896848,43.784041060559,0.95,"mean","qi"
"student - professional","3. Prediction",31.4740252802352,-64.9965401700241,126.692323675249,0.95,"mean","qi"
"student - professional","4. Exploration",34.7851201216922,-69.5885637360848,141.890354717102,0.95,"mean","qi"
"student - professional","1. Find Extremum",10.3680387800722,-0.444155682425674,21.2186013282285,0.5,"mean","qi"
"student - professional","2. Retrieve Value",10.8410878484732,-0.472428077274564,22.0589673172261,0.5,"mean","qi"
"student - professional","3. Prediction",31.4740252802352,-1.38339085952586,64.5552024582001,0.5,"mean","qi"
"student - professional","4. Exploration",34.7851201216922,-1.50387849712851,71.2599291665122,0.5,"mean","qi"
