"search","task","diff_in_time",".lower",".upper",".width",".point",".interval"
"dfs - bfs","1. Find Extremum",-17.1838357324982,-137.418080368586,115.375628744092,0.95,"mean","qi"
"dfs - bfs","2. Retrieve Value",-0.0641432956182128,-114.536885323045,112.889660303599,0.95,"mean","qi"
"dfs - bfs","3. Prediction",142.186533511466,-192.133946290157,492.562200730045,0.95,"mean","qi"
"dfs - bfs","4. Exploration",-4.20578182388892,-404.35596207705,410.108353580442,0.95,"mean","qi"
"dfs - bfs","1. Find Extremum",-17.1838357324982,-58.8693612898885,22.1568732193323,0.5,"mean","qi"
"dfs - bfs","2. Retrieve Value",-0.0641432956182128,-37.0057929762587,36.6236240143005,0.5,"mean","qi"
"dfs - bfs","3. Prediction",142.186533511466,30.0788035513513,253.068401859377,0.5,"mean","qi"
"dfs - bfs","4. Exploration",-4.20578182388892,-142.712059148324,133.650363841837,0.5,"mean","qi"
