"search","task","difference",".lower",".upper",".width",".point",".interval"
"bfs - dfs","1. Find Extremum",-11.2910019909646,-40.3472730541959,18.772672162534,0.95,"mean","qi"
"bfs - dfs","2. Retrieve Value",-11.3340233472724,-40.3016065548474,18.9634279309624,0.95,"mean","qi"
"bfs - dfs","3. Prediction",-34.3626011317773,-121.493250719531,57.6585514521399,0.95,"mean","qi"
"bfs - dfs","4. Exploration",-38.1588806651807,-136.694684286398,63.187495836742,0.95,"mean","qi"
"bfs - dfs","1. Find Extremum",-11.2910019909646,-21.1347593565676,-1.65788440284243,0.5,"mean","qi"
"bfs - dfs","2. Retrieve Value",-11.3340233472724,-21.147774974339,-1.66815802165756,0.5,"mean","qi"
"bfs - dfs","3. Prediction",-34.3626011317773,-64.8410827703297,-5.0857318889127,0.5,"mean","qi"
"bfs - dfs","4. Exploration",-38.1588806651807,-71.5535693536604,-5.59379441867372,0.5,"mean","qi"
