"search","task","difference",".lower",".upper",".width",".point",".interval"
"bfs - dfs","1. Find Extremum",-4.72252710707658,-52.5078424756862,41.7210727645905,0.95,"mean","qi"
"bfs - dfs","2. Retrieve Value",-4.93388320615218,-55.2785508115205,43.8490602063073,0.95,"mean","qi"
"bfs - dfs","3. Prediction",-14.4786404312606,-160.481440922549,126.825945166416,0.95,"mean","qi"
"bfs - dfs","4. Exploration",-15.8034343324894,-177.818599539073,140.492523098504,0.95,"mean","qi"
"bfs - dfs","1. Find Extremum",-4.72252710707658,-20.718847038001,11.5770781112215,0.5,"mean","qi"
"bfs - dfs","2. Retrieve Value",-4.93388320615218,-21.7815524057486,12.0805707782123,0.5,"mean","qi"
"bfs - dfs","3. Prediction",-14.4786404312606,-63.6657647154303,35.0289980482171,0.5,"mean","qi"
"bfs - dfs","4. Exploration",-15.8034343324894,-69.0910250853566,38.8530015338632,0.5,"mean","qi"
