"search","task","diff",".lower",".upper",".width",".point",".interval"
"bfs - dfs","1. Find Extremum",-4.54281669777557,-34.4114859877729,25.9931449515713,0.95,"mean","qi"
"bfs - dfs","2. Retrieve Value",-4.76432711730186,-36.7458249320991,27.3875390572691,0.95,"mean","qi"
"bfs - dfs","3. Prediction",-13.8444503404166,-106.731418278711,78.3044828075541,0.95,"mean","qi"
"bfs - dfs","4. Exploration",-15.1894318366872,-117.266446540353,86.4969878512104,0.95,"mean","qi"
"bfs - dfs","1. Find Extremum",-4.54281669777557,-14.8094544924226,5.66507573516428,0.5,"mean","qi"
"bfs - dfs","2. Retrieve Value",-4.76432711730186,-15.6435003021864,5.84929888113938,0.5,"mean","qi"
"bfs - dfs","3. Prediction",-13.8444503404166,-45.0384527321398,17.0417294991077,0.5,"mean","qi"
"bfs - dfs","4. Exploration",-15.1894318366872,-49.6193839085211,18.8540661300529,0.5,"mean","qi"
