"search","task","diff",".lower",".upper",".width",".point",".interval"
"bfs - dfs","1. Find Extremum",-4.08880676888739,-76.8857281634178,65.9045475607369,0.95,"mean","qi"
"bfs - dfs","2. Retrieve Value",-4.2959680584686,-80.1767024373766,71.8811884435844,0.95,"mean","qi"
"bfs - dfs","3. Prediction",-14.0832687046719,-239.042848589774,204.626529564559,0.95,"mean","qi"
"bfs - dfs","4. Exploration",-14.8196512942716,-256.934313118894,224.370912049867,0.95,"mean","qi"
"bfs - dfs","1. Find Extremum",-4.08880676888739,-28.3168677167388,20.1574654102927,0.5,"mean","qi"
"bfs - dfs","2. Retrieve Value",-4.2959680584686,-29.7467332212201,21.5478941830152,0.5,"mean","qi"
"bfs - dfs","3. Prediction",-14.0832687046719,-85.5966028631371,60.6004219129964,0.5,"mean","qi"
"bfs - dfs","4. Exploration",-14.8196512942716,-95.8284349777857,66.0197316622812,0.5,"mean","qi"
