"search","metric","diff_in_time",".lower",".upper",".width",".point",".interval"
"dfs - bfs","4. Exploration",-4.12171725382469,-189.490439235734,188.867056552656,0.95,"mean","qi"
"dfs - bfs","3. Prediction",121.148376359901,-69.0301661325888,309.109484553125,0.95,"mean","qi"
"dfs - bfs","2. Retrieve Value",0.377835704689232,-71.7253306215513,71.8421208588518,0.95,"mean","qi"
"dfs - bfs","1. Find Extremum",-18.3844990290192,-107.805304133023,81.2327494978691,0.95,"mean","qi"
"dfs - bfs","4. Exploration",-4.12171725382469,-76.3300434321875,66.8259039734671,0.5,"mean","qi"
"dfs - bfs","3. Prediction",121.148376359901,59.5172221841701,184.418824533197,0.5,"mean","qi"
"dfs - bfs","2. Retrieve Value",0.377835704689232,-23.7721564898298,24.2359842658946,0.5,"mean","qi"
"dfs - bfs","1. Find Extremum",-18.3844990290192,-50.9403097978925,12.3765114405403,0.5,"mean","qi"
