"search","task","difference",".lower",".upper",".width",".point",".interval"
"bfs - dfs","1. Find Extremum",-11.2910019909646,-39.8410504319669,18.6626779571435,0.95,"mean","qi"
"bfs - dfs","2. Retrieve Value",-11.3340233472724,-40.2329924269745,19.2426969009284,0.95,"mean","qi"
"bfs - dfs","3. Prediction",-34.3626011317773,-121.352270698558,57.612772879071,0.95,"mean","qi"
"bfs - dfs","4. Exploration",-38.1588806651807,-136.424880347933,62.6998486613951,0.95,"mean","qi"
"bfs - dfs","1. Find Extremum",-11.2910019909646,-21.1702035850814,-1.67119436311098,0.5,"mean","qi"
"bfs - dfs","2. Retrieve Value",-11.3340233472724,-21.2663211122876,-1.6924921737313,0.5,"mean","qi"
"bfs - dfs","3. Prediction",-34.3626011317773,-64.7786129972496,-5.15859113323134,0.5,"mean","qi"
"bfs - dfs","4. Exploration",-38.1588806651807,-71.7730742055479,-5.60856128180706,0.5,"mean","qi"
