"search","oracle","rating",".lower",".upper",".width",".point",".interval"
"BFS","CompassQL",1.05767592592593,0.763888888888889,1.31944444444444,0.95,"mean","qi"
"BFS","Dziban",1.19558333333333,0.902777777777778,1.45833333333333,0.95,"mean","qi"
"DFS","CompassQL",1.09277777777778,0.777777777777778,1.375,0.95,"mean","qi"
"DFS","Dziban",1.20525925925926,0.930555555555556,1.44444444444444,0.95,"mean","qi"
"BFS","CompassQL",1.05767592592593,0.958333333333333,1.15277777777778,0.5,"mean","qi"
"BFS","Dziban",1.19558333333333,1.11111111111111,1.29166666666667,0.5,"mean","qi"
"DFS","CompassQL",1.09277777777778,1,1.19444444444444,0.5,"mean","qi"
"DFS","Dziban",1.20525925925926,1.125,1.29166666666667,0.5,"mean","qi"
