"search","oracle","rating",".lower",".upper",".width",".point",".interval"
"BFS","CompassQL",1.00755208333333,0.671875,1.328125,0.95,"mean","qi"
"BFS","Dziban",1.0348137254902,0.720588235294118,1.33860294117638,0.95,"mean","qi"
"DFS","CompassQL",0.792740196078431,0.455882352941176,1.11764705882353,0.95,"mean","qi"
"DFS","Dziban",1.17503645833333,0.84375,1.484375,0.95,"mean","qi"
"BFS","CompassQL",1.00755208333333,0.890625,1.125,0.5,"mean","qi"
"BFS","Dziban",1.0348137254902,0.926470588235294,1.13235294117647,0.5,"mean","qi"
"DFS","CompassQL",0.792740196078431,0.676470588235294,0.911764705882353,0.5,"mean","qi"
"DFS","Dziban",1.17503645833333,1.0625,1.28125,0.5,"mean","qi"
