"search","oracle","rating",".lower",".upper",".width",".point",".interval"
"bfs","compassql",0.958011904761905,0.589285714285714,1.28571428571429,0.95,"mean","qi"
"bfs","dziban",1.21178333333333,0.916666666666667,1.48333333333333,0.95,"mean","qi"
"dfs","compassql",1.04716111111111,0.7,1.35,0.95,"mean","qi"
"dfs","dziban",1.21096111111111,0.9,1.5,0.95,"mean","qi"
"bfs","compassql",0.958011904761905,0.839285714285714,1.07142857142857,0.5,"mean","qi"
"bfs","dziban",1.21178333333333,1.11666666666667,1.31666666666667,0.5,"mean","qi"
"dfs","compassql",1.04716111111111,0.933333333333333,1.16666666666667,0.5,"mean","qi"
"dfs","dziban",1.21096111111111,1.11666666666667,1.31666666666667,0.5,"mean","qi"
