"search","oracle","rating",".lower",".upper",".width",".point",".interval"
"bfs","compassql",1.012390625,0.6875,1.328125,0.95,"mean","qi"
"bfs","dziban",1.04622549019608,0.720588235294118,1.33823529411765,0.95,"mean","qi"
"dfs","compassql",0.80425,0.426470588235294,1.13235294117647,0.95,"mean","qi"
"dfs","dziban",1.1735625,0.859375,1.484375,0.95,"mean","qi"
"bfs","compassql",1.012390625,0.90625,1.125,0.5,"mean","qi"
"bfs","dziban",1.04622549019608,0.941176470588235,1.14705882352941,0.5,"mean","qi"
"dfs","compassql",0.80425,0.691176470588235,0.926470588235294,0.5,"mean","qi"
"dfs","dziban",1.1735625,1.0625,1.28125,0.5,"mean","qi"
