"search","oracle","rating",".lower",".upper",".width",".point",".interval"
"bfs","compassql",0.95375,0.589285714285714,1.28616071428561,0.95,"mean","qi"
"bfs","dziban",1.0931,0.766250000000067,1.41666666666667,0.95,"mean","qi"
"dfs","compassql",0.810672222222222,0.433333333333333,1.13333333333333,0.95,"mean","qi"
"dfs","dziban",1.18868888888889,0.866666666666667,1.5,0.95,"mean","qi"
"bfs","compassql",0.95375,0.839285714285714,1.07142857142857,0.5,"mean","qi"
"bfs","dziban",1.0931,0.983333333333333,1.2,0.5,"mean","qi"
"dfs","compassql",0.810672222222222,0.7,0.933333333333333,0.5,"mean","qi"
"dfs","dziban",1.18868888888889,1.08333333333333,1.3,0.5,"mean","qi"
