"search","oracle","rating",".lower",".upper",".width",".point",".interval"
"bfs","compassql",0.980982142857143,0.678571428571429,1.25,0.95,"mean","qi"
"bfs","dziban",1.19314444444444,0.933333333333333,1.41666666666667,0.95,"mean","qi"
"dfs","compassql",1.03852777777778,0.766666666666667,1.28333333333333,0.95,"mean","qi"
"dfs","dziban",1.21047777777778,0.95,1.45,0.95,"mean","qi"
"bfs","compassql",0.980982142857143,0.892857142857143,1.08928571428571,0.5,"mean","qi"
"bfs","dziban",1.19314444444444,1.11666666666667,1.28333333333333,0.5,"mean","qi"
"dfs","compassql",1.03852777777778,0.95,1.13333333333333,0.5,"mean","qi"
"dfs","dziban",1.21047777777778,1.13333333333333,1.3,0.5,"mean","qi"
