"search","oracle","rating",".lower",".upper",".width",".point",".interval"
"bfs","compassql",1.009421875,0.6875,1.296875,0.95,"mean","qi"
"bfs","dziban",1.15877450980392,0.852941176470588,1.44117647058824,0.95,"mean","qi"
"dfs","compassql",1.08309803921569,0.764705882352941,1.36764705882353,0.95,"mean","qi"
"dfs","dziban",1.21872395833333,0.921875,1.5,0.95,"mean","qi"
"bfs","compassql",1.009421875,0.90625,1.125,0.5,"mean","qi"
"bfs","dziban",1.15877450980392,1.05882352941176,1.25,0.5,"mean","qi"
"dfs","compassql",1.08309803921569,0.985294117647059,1.19117647058824,0.5,"mean","qi"
"dfs","dziban",1.21872395833333,1.125,1.3125,0.5,"mean","qi"
