"search","oracle","rating",".lower",".upper",".width",".point",".interval"
"bfs","compassql",0.917577380952381,0.482142857142857,1.30357142857143,0.95,"mean","qi"
"bfs","dziban",0.815266666666667,0.35,1.2,0.95,"mean","qi"
"dfs","compassql",0.0883611111111111,-0.416666666666667,0.566666666666667,0.95,"mean","qi"
"dfs","dziban",0.478305555555556,-0.05,0.95,0.95,"mean","qi"
"bfs","compassql",0.917577380952381,0.785714285714286,1.05357142857143,0.5,"mean","qi"
"bfs","dziban",0.815266666666667,0.683333333333333,0.966666666666667,0.5,"mean","qi"
"dfs","compassql",0.0883611111111111,-0.0833333333333333,0.266666666666667,0.5,"mean","qi"
"dfs","dziban",0.478305555555556,0.316666666666667,0.65,0.5,"mean","qi"
