"search","oracle","rating",".lower",".upper",".width",".point",".interval"
"BFS","CompassQL",0.932712962962963,0.555208333333402,1.27812499999992,0.95,"mean","qi"
"BFS","Dziban",0.738152777777778,0.319444444444444,1.11111111111111,0.95,"mean","qi"
"DFS","CompassQL",0.0731527777777778,-0.402777777777778,0.527777777777778,0.95,"mean","qi"
"DFS","Dziban",0.418083333333333,-0.0416666666666667,0.805555555555556,0.95,"mean","qi"
"BFS","CompassQL",0.932712962962963,0.805555555555556,1.05555555555556,0.5,"mean","qi"
"BFS","Dziban",0.738152777777778,0.611111111111111,0.875,0.5,"mean","qi"
"DFS","CompassQL",0.0731527777777778,-0.0833333333333333,0.236111111111111,0.5,"mean","qi"
"DFS","Dziban",0.418083333333333,0.263888888888889,0.569444444444444,0.5,"mean","qi"
