"search","oracle","rating",".lower",".upper",".width",".point",".interval"
"bfs","compassql",0.939515625,0.515625,1.3125,0.95,"mean","qi"
"bfs","dziban",0.722117647058824,0.279411764705882,1.10294117647059,0.95,"mean","qi"
"dfs","compassql",0.074421568627451,-0.397426470588163,0.558823529411765,0.95,"mean","qi"
"dfs","dziban",0.431515625,-0.078125,0.875,0.95,"mean","qi"
"bfs","compassql",0.939515625,0.8125,1.078125,0.5,"mean","qi"
"bfs","dziban",0.722117647058824,0.588235294117647,0.867647058823529,0.5,"mean","qi"
"dfs","compassql",0.074421568627451,-0.0882352941176471,0.25,0.5,"mean","qi"
"dfs","dziban",0.431515625,0.28125,0.59375,0.5,"mean","qi"
