"search","oracle","rating",".lower",".upper",".width",".point",".interval"
"BFS","CompassQL",0.93203125,0.5,1.28125,0.95,"mean","qi"
"BFS","Dziban",0.715588235294118,0.264705882352941,1.08823529411765,0.95,"mean","qi"
"DFS","CompassQL",0.0561911764705882,-0.411764705882353,0.5,0.95,"mean","qi"
"DFS","Dziban",0.417286458333333,-0.046875,0.84375,0.95,"mean","qi"
"BFS","CompassQL",0.93203125,0.8125,1.078125,0.5,"mean","qi"
"BFS","Dziban",0.715588235294118,0.573529411764706,0.867647058823529,0.5,"mean","qi"
"DFS","CompassQL",0.0561911764705882,-0.102941176470588,0.220588235294118,0.5,"mean","qi"
"DFS","Dziban",0.417286458333333,0.265625,0.56640625,0.5,"mean","qi"
