"search","oracle","rating",".lower",".upper",".width",".point",".interval"
"bfs","compassql",0.90039880952381,0.553571428571429,1.21428571428571,0.95,"mean","qi"
"bfs","dziban",0.786611111111111,0.4495833333334,1.1,0.95,"mean","qi"
"dfs","compassql",0.0998833333333333,-0.283333333333333,0.466666666666667,0.95,"mean","qi"
"dfs","dziban",0.467244444444444,0.116666666666667,0.8,0.95,"mean","qi"
"bfs","compassql",0.90039880952381,0.785714285714286,1.01785714285714,0.5,"mean","qi"
"bfs","dziban",0.786611111111111,0.683333333333333,0.9,0.5,"mean","qi"
"dfs","compassql",0.0998833333333333,-0.0333333333333333,0.233333333333333,0.5,"mean","qi"
"dfs","dziban",0.467244444444444,0.35,0.583333333333333,0.5,"mean","qi"
