"search","oracle","rating",".lower",".upper",".width",".point",".interval"
"bfs","compassql",0.622261904761905,0.0357142857142857,1.23214285714286,0.95,"mean","qi"
"bfs","dziban",0.685933333333333,0.1,1.21708333333324,0.95,"mean","qi"
"dfs","compassql",-0.233827777777778,-0.783333333333333,0.333333333333333,0.95,"mean","qi"
"dfs","dziban",0.34045,-0.216666666666667,0.916666666666667,0.95,"mean","qi"
"bfs","compassql",0.622261904761905,0.410714285714286,0.839285714285714,0.5,"mean","qi"
"bfs","dziban",0.685933333333333,0.5,0.883333333333333,0.5,"mean","qi"
"dfs","compassql",-0.233827777777778,-0.433333333333333,-0.0333333333333333,0.5,"mean","qi"
"dfs","dziban",0.34045,0.133333333333333,0.55,0.5,"mean","qi"
