"search","oracle","rating",".lower",".upper",".width",".point",".interval"
"bfs","compassql",0.745286458333333,0.171875,1.26601562499991,0.95,"mean","qi"
"bfs","dziban",0.635225490196078,0.0882352941176471,1.16176470588235,0.95,"mean","qi"
"dfs","compassql",-0.267921568627451,-0.809191176470516,0.308823529411765,0.95,"mean","qi"
"dfs","dziban",0.3243125,-0.28125,0.90625,0.95,"mean","qi"
"bfs","compassql",0.745286458333333,0.5625,0.953125,0.5,"mean","qi"
"bfs","dziban",0.635225490196078,0.441176470588235,0.823529411764706,0.5,"mean","qi"
"dfs","compassql",-0.267921568627451,-0.455882352941176,-0.0735294117647059,0.5,"mean","qi"
"dfs","dziban",0.3243125,0.125,0.515625,0.5,"mean","qi"
