"search","oracle","rating",".lower",".upper",".width",".point",".interval"
"BFS","CompassQL",0.796587962962963,0.263888888888889,1.29166666666667,0.95,"mean","qi"
"BFS","Dziban",0.692736111111111,0.166319444444513,1.1809027777777,0.95,"mean","qi"
"DFS","CompassQL",-0.261902777777778,-0.763888888888889,0.277777777777778,0.95,"mean","qi"
"DFS","Dziban",0.31787962962963,-0.25,0.833680555555475,0.95,"mean","qi"
"BFS","CompassQL",0.796587962962963,0.625,0.972222222222222,0.5,"mean","qi"
"BFS","Dziban",0.692736111111111,0.527777777777778,0.875,0.5,"mean","qi"
"DFS","CompassQL",-0.261902777777778,-0.444444444444444,-0.0833333333333333,0.5,"mean","qi"
"DFS","Dziban",0.31787962962963,0.125,0.513888888888889,0.5,"mean","qi"
