"search","oracle","rating",".lower",".upper",".width",".point",".interval"
"BFS","CompassQL",0.719380208333333,0.171875,1.234375,0.95,"mean","qi"
"BFS","Dziban",0.628323529411765,0.102941176470588,1.14705882352941,0.95,"mean","qi"
"DFS","CompassQL",-0.266352941176471,-0.779411764705882,0.25,0.95,"mean","qi"
"DFS","Dziban",0.320807291666667,-0.21875,0.859375,0.95,"mean","qi"
"BFS","CompassQL",0.719380208333333,0.53125,0.90625,0.5,"mean","qi"
"BFS","Dziban",0.628323529411765,0.455882352941176,0.808823529411765,0.5,"mean","qi"
"DFS","CompassQL",-0.266352941176471,-0.441176470588235,-0.0735294117647059,0.5,"mean","qi"
"DFS","Dziban",0.320807291666667,0.125,0.515625,0.5,"mean","qi"
