"search","oracle","rating",".lower",".upper",".width",".point",".interval"
"bfs","compassql",0.722863095238095,0.196428571428571,1.16071428571429,0.95,"mean","qi"
"bfs","dziban",0.773788888888889,0.283333333333333,1.2,0.95,"mean","qi"
"dfs","compassql",0.294005555555556,-0.266666666666667,0.783333333333333,0.95,"mean","qi"
"dfs","dziban",0.584111111111111,0.05,1.03333333333333,0.95,"mean","qi"
"bfs","compassql",0.722863095238095,0.571428571428571,0.892857142857143,0.5,"mean","qi"
"bfs","dziban",0.773788888888889,0.633333333333333,0.933333333333333,0.5,"mean","qi"
"dfs","compassql",0.294005555555556,0.116666666666667,0.483333333333333,0.5,"mean","qi"
"dfs","dziban",0.584111111111111,0.433333333333333,0.766666666666667,0.5,"mean","qi"
