"search","oracle","rating",".lower",".upper",".width",".point",".interval"
"BFS","CompassQL",0.768134259259259,0.319444444444444,1.15277777777778,0.95,"mean","qi"
"BFS","Dziban",0.774541666666667,0.361111111111111,1.13888888888889,0.95,"mean","qi"
"DFS","CompassQL",0.181782407407407,-0.333333333333333,0.638888888888889,0.95,"mean","qi"
"DFS","Dziban",0.620550925925926,0.180555555555556,1.02777777777778,0.95,"mean","qi"
"BFS","CompassQL",0.768134259259259,0.638888888888889,0.916666666666667,0.5,"mean","qi"
"BFS","Dziban",0.774541666666667,0.638888888888889,0.916666666666667,0.5,"mean","qi"
"DFS","CompassQL",0.181782407407407,0.0138888888888889,0.361111111111111,0.5,"mean","qi"
"DFS","Dziban",0.620550925925926,0.486111111111111,0.777777777777778,0.5,"mean","qi"
