"search","oracle","rating",".lower",".upper",".width",".point",".interval"
"BFS","CompassQL",0.687723958333333,0.21875,1.109375,0.95,"mean","qi"
"BFS","Dziban",0.717725490196078,0.220588235294118,1.13235294117647,0.95,"mean","qi"
"DFS","CompassQL",0.185235294117647,-0.367647058823529,0.691176470588235,0.95,"mean","qi"
"DFS","Dziban",0.550401041666667,0.03125,1,0.95,"mean","qi"
"BFS","CompassQL",0.687723958333333,0.546875,0.84375,0.5,"mean","qi"
"BFS","Dziban",0.717725490196078,0.558823529411765,0.882352941176471,0.5,"mean","qi"
"DFS","CompassQL",0.185235294117647,0,0.367647058823529,0.5,"mean","qi"
"DFS","Dziban",0.550401041666667,0.390625,0.71875,0.5,"mean","qi"
