"search","oracle","rating",".lower",".upper",".width",".point",".interval"
"bfs","compassql",0.707098958333333,0.203125,1.125,0.95,"mean","qi"
"bfs","dziban",0.741985294117647,0.279411764705882,1.13272058823521,0.95,"mean","qi"
"dfs","compassql",0.19596568627451,-0.352941176470588,0.720588235294118,0.95,"mean","qi"
"dfs","dziban",0.580276041666667,0.046875,1,0.95,"mean","qi"
"bfs","compassql",0.707098958333333,0.5625,0.875,0.5,"mean","qi"
"bfs","dziban",0.741985294117647,0.617647058823529,0.882352941176471,0.5,"mean","qi"
"dfs","compassql",0.19596568627451,0,0.397058823529412,0.5,"mean","qi"
"dfs","dziban",0.580276041666667,0.421875,0.75,0.5,"mean","qi"
