"search","oracle","rating",".lower",".upper",".width",".point",".interval"
"bfs","compassql",0.446059523809524,0,0.892857142857143,0.95,"mean","qi"
"bfs","dziban",0.618561111111111,0.2,1.03333333333333,0.95,"mean","qi"
"dfs","compassql",-0.0633222222222222,-0.5,0.366666666666667,0.95,"mean","qi"
"dfs","dziban",0.343961111111111,-0.0666666666666667,0.766666666666667,0.95,"mean","qi"
"bfs","compassql",0.446059523809524,0.303571428571429,0.589285714285714,0.5,"mean","qi"
"bfs","dziban",0.618561111111111,0.483333333333333,0.766666666666667,0.5,"mean","qi"
"dfs","compassql",-0.0633222222222222,-0.216666666666667,0.0833333333333333,0.5,"mean","qi"
"dfs","dziban",0.343961111111111,0.2,0.5,0.5,"mean","qi"
