"search","oracle","rating",".lower",".upper",".width",".point",".interval"
"bfs","compassql",0.46410119047619,-0.142857142857143,1.01785714285714,0.95,"mean","qi"
"bfs","dziban",0.640627777777778,0.05,1.2,0.95,"mean","qi"
"dfs","compassql",-0.0936277777777778,-0.666666666666667,0.483333333333333,0.95,"mean","qi"
"dfs","dziban",0.344688888888889,-0.25,0.916666666666667,0.95,"mean","qi"
"bfs","compassql",0.46410119047619,0.267857142857143,0.660714285714286,0.5,"mean","qi"
"bfs","dziban",0.640627777777778,0.45,0.833333333333333,0.5,"mean","qi"
"dfs","compassql",-0.0936277777777778,-0.3,0.1,0.5,"mean","qi"
"dfs","dziban",0.344688888888889,0.15,0.55,0.5,"mean","qi"
