"search","oracle","rating",".lower",".upper",".width",".point",".interval"
"BFS","CompassQL",0.624337962962963,0.111111111111111,1.11111111111111,0.95,"mean","qi"
"BFS","Dziban",0.640421296296296,0.111111111111111,1.125,0.95,"mean","qi"
"DFS","CompassQL",-0.147699074074074,-0.694444444444444,0.375,0.95,"mean","qi"
"DFS","Dziban",0.288101851851852,-0.25,0.819444444444444,0.95,"mean","qi"
"BFS","CompassQL",0.624337962962963,0.458333333333333,0.791666666666667,0.5,"mean","qi"
"BFS","Dziban",0.640421296296296,0.472222222222222,0.819444444444444,0.5,"mean","qi"
"DFS","CompassQL",-0.147699074074074,-0.333333333333333,0.0416666666666667,0.5,"mean","qi"
"DFS","Dziban",0.288101851851852,0.111111111111111,0.472222222222222,0.5,"mean","qi"
