"search","oracle","rating",".lower",".upper",".width",".point",".interval"
"BFS","CompassQL",0.55703125,0,1.0625,0.95,"mean","qi"
"BFS","Dziban",0.610799019607843,0.0882352941176471,1.10294117647059,0.95,"mean","qi"
"DFS","CompassQL",-0.188294117647059,-0.735294117647059,0.338235294117647,0.95,"mean","qi"
"DFS","Dziban",0.306625,-0.234375,0.84375,0.95,"mean","qi"
"BFS","CompassQL",0.55703125,0.390625,0.75,0.5,"mean","qi"
"BFS","Dziban",0.610799019607843,0.441176470588235,0.794117647058823,0.5,"mean","qi"
"DFS","CompassQL",-0.188294117647059,-0.367647058823529,0,0.5,"mean","qi"
"DFS","Dziban",0.306625,0.125,0.5,0.5,"mean","qi"
