"x1","x2","x3",".row",".value",".lower",".upper",".width",".point",".interval"
"birdstrikes","bfs","compassql",1,212.071518309243,125.559383395238,296.804496666065,0.95,"mean","qi"
"birdstrikes","bfs","dziban",2,256.81490763239,171.556177702362,339.263291088341,0.95,"mean","qi"
"birdstrikes","dfs","compassql",3,227.797839064864,142.203889723999,312.955693902007,0.95,"mean","qi"
"birdstrikes","dfs","dziban",4,236.38925297194,149.772121914219,321.045174005673,0.95,"mean","qi"
"movies","bfs","compassql",5,221.186264393797,138.049957170737,304.647512376301,0.95,"mean","qi"
"movies","bfs","dziban",6,243.729788232734,164.182018050568,323.834822519421,0.95,"mean","qi"
"movies","dfs","compassql",7,248.778546678904,167.545420403436,328.553887171785,0.95,"mean","qi"
"movies","dfs","dziban",8,233.999615505438,156.312615888393,313.762029703752,0.95,"mean","qi"
