"x1","x2","x3",".row",".value",".lower",".upper",".width",".point",".interval"
"birdstrikes","bfs","compassql",1,263.289916116518,148.196100615468,380.700740667545,0.95,"mean","qi"
"birdstrikes","bfs","dziban",2,249.522984973486,128.807520060011,365.618497884309,0.95,"mean","qi"
"birdstrikes","dfs","compassql",3,372.338120606744,254.284192708002,487.749098188987,0.95,"mean","qi"
"birdstrikes","dfs","dziban",4,204.143328323324,87.7398891899746,319.512349915018,0.95,"mean","qi"
"movies","bfs","compassql",5,202.263409265847,85.4243638263738,317.158926971809,0.95,"mean","qi"
"movies","bfs","dziban",6,240.329380787139,130.802643561909,351.224933716894,0.95,"mean","qi"
"movies","dfs","compassql",7,239.740457960603,129.122543663317,348.725317735163,0.95,"mean","qi"
"movies","dfs","dziban",8,168.47998919802,58.1945554578771,277.538681555451,0.95,"mean","qi"
