"x1","x2","x3",".row",".value",".lower",".upper",".width",".point",".interval"
"birdstrikes","bfs","compassql",1,733.171462503471,582.018876388412,882.59459545122,0.95,"mean","qi"
"birdstrikes","bfs","dziban",2,683.065148581766,532.294459138417,832.843397292587,0.95,"mean","qi"
"birdstrikes","dfs","compassql",3,771.061275989386,625.643943412638,922.013605812154,0.95,"mean","qi"
"birdstrikes","dfs","dziban",4,793.185738010526,637.838562044604,946.338905624731,0.95,"mean","qi"
"movies","bfs","compassql",5,771.608491815372,620.556960875689,921.779152022806,0.95,"mean","qi"
"movies","bfs","dziban",6,755.382683346839,623.421706655664,893.801890034446,0.95,"mean","qi"
"movies","dfs","compassql",7,654.004778412307,517.318428508691,793.813256692433,0.95,"mean","qi"
"movies","dfs","dziban",8,728.901790385091,589.093940940839,866.631503989617,0.95,"mean","qi"
