"x1","x2","x3",".row",".value",".lower",".upper",".width",".point",".interval"
"birdstrikes","bfs","compassql",1,556.13573010358,344.157594014929,769.353881449986,0.95,"mean","qi"
"birdstrikes","bfs","dziban",2,587.399230840618,368.070808296207,802.786990570653,0.95,"mean","qi"
"birdstrikes","dfs","compassql",3,865.733735012741,651.924712429343,1073.71576503065,0.95,"mean","qi"
"birdstrikes","dfs","dziban",4,663.977997011462,459.306811233485,875.917656923769,0.95,"mean","qi"
"movies","bfs","compassql",5,555.406003880366,350.270893796879,771.195751422958,0.95,"mean","qi"
"movies","bfs","dziban",6,719.077173027258,520.871784865567,921.266261126045,0.95,"mean","qi"
"movies","dfs","compassql",7,860.916011835274,666.262283108761,1057.45590435151,0.95,"mean","qi"
"movies","dfs","dziban",8,675.728267867626,477.866999736513,879.494951546136,0.95,"mean","qi"
