"search","oracle",".value",".lower",".upper",".width",".point",".interval"
"bfs","compassql",24.0981283657596,18.1162873427374,30.324548009082,0.95,"mean","qi"
"bfs","dziban",25.8087476167906,19.5530219988722,31.9918299396381,0.95,"mean","qi"
"dfs","compassql",23.5188224212683,17.2266786801177,29.7267924378436,0.95,"mean","qi"
"dfs","dziban",24.9785345962228,18.656694943194,31.0143969848874,0.95,"mean","qi"
"bfs","compassql",24.0981283657596,21.8969787868017,26.2674763947473,0.5,"mean","qi"
"bfs","dziban",25.8087476167906,23.626776192758,28.0571496287962,0.5,"mean","qi"
"dfs","compassql",23.5188224212683,21.3001647619961,25.7005746536938,0.5,"mean","qi"
"dfs","dziban",24.9785345962228,22.8023743212344,27.1948333638311,0.5,"mean","qi"
