"search","oracle",".value",".lower",".upper",".width",".point",".interval"
"bfs","compassql",26.3550282051629,18.1758644750691,35.0867210930869,0.95,"mean","qi"
"bfs","dziban",27.3583598002299,17.7873572330934,36.4162899958699,0.95,"mean","qi"
"dfs","compassql",19.4584590625624,11.9428884703394,26.9933326638666,0.95,"mean","qi"
"dfs","dziban",25.101777466604,17.5920064409008,32.9236834274685,0.95,"mean","qi"
"bfs","compassql",26.3550282051629,23.4718951903886,29.1717185079791,0.5,"mean","qi"
"bfs","dziban",27.3583598002299,23.893116855671,30.8594905233984,0.5,"mean","qi"
"dfs","compassql",19.4584590625624,16.9310133336539,22.063043058118,0.5,"mean","qi"
"dfs","dziban",25.101777466604,22.4036657882356,27.7485690093219,0.5,"mean","qi"
