"search","oracle",".value",".lower",".upper",".width",".point",".interval"
"bfs","compassql",24.07054978293,17.9774793701075,30.36824255963,0.95,"mean","qi"
"bfs","dziban",25.8986007387535,19.671115937074,32.0515289805184,0.95,"mean","qi"
"dfs","compassql",23.5123135951804,17.1974425282935,29.6913793200604,0.95,"mean","qi"
"dfs","dziban",24.9686271056858,18.5313505379863,31.0875123500539,0.95,"mean","qi"
"bfs","compassql",24.07054978293,21.8634632333653,26.2830268836569,0.5,"mean","qi"
"bfs","dziban",25.8986007387535,23.6846691584166,28.1411011965349,0.5,"mean","qi"
"dfs","compassql",23.5123135951804,21.2556283352731,25.784390434635,0.5,"mean","qi"
"dfs","dziban",24.9686271056858,22.7279379616432,27.2608822707394,0.5,"mean","qi"
