"search","oracle",".value",".lower",".upper",".width",".point",".interval"
"bfs","compassql",22.3201282770669,16.2635121003269,28.6197625865741,0.95,"mean","qi"
"bfs","dziban",24.1481792328904,17.7863328850436,30.3970339758363,0.95,"mean","qi"
"dfs","compassql",21.7618920893173,15.4351618959468,28.0905402822656,0.95,"mean","qi"
"dfs","dziban",23.2182055998227,16.9324774491877,29.2801440388337,0.95,"mean","qi"
"bfs","compassql",22.3201282770669,20.0752629835669,24.5118267672292,0.5,"mean","qi"
"bfs","dziban",24.1481792328904,21.9264113342161,26.3866789155068,0.5,"mean","qi"
"dfs","compassql",21.7618920893173,19.534683873679,24.0581248347524,0.5,"mean","qi"
"dfs","dziban",23.2182055998227,20.9734596790509,25.5158369437727,0.5,"mean","qi"
