"search","oracle",".value",".lower",".upper",".width",".point",".interval"
"bfs","compassql",22.4049222166786,16.5990164045409,28.5857768641025,0.95,"mean","qi"
"bfs","dziban",24.1155414677096,17.8888161501853,30.3199613096154,0.95,"mean","qi"
"dfs","compassql",21.8256162721873,15.6199698324442,27.9300622643482,0.95,"mean","qi"
"dfs","dziban",23.2853284471418,16.9600372859556,29.3635008458224,0.95,"mean","qi"
"bfs","compassql",22.4049222166786,20.1868598349344,24.5770465547649,0.5,"mean","qi"
"bfs","dziban",24.1155414677096,21.9362265606618,26.2816456295187,0.5,"mean","qi"
"dfs","compassql",21.8256162721873,19.6371553818317,24.0518217981779,0.5,"mean","qi"
"dfs","dziban",23.2853284471418,21.1415653498917,25.5073204773729,0.5,"mean","qi"
