"search","oracle",".value",".lower",".upper",".width",".point",".interval"
"bfs","compassql",20.1010304314711,12.6403142176906,27.730260959486,0.95,"mean","qi"
"bfs","dziban",22.5505968824488,8.20224526807411,35.760174147533,0.95,"mean","qi"
"dfs","compassql",25.6035128348192,17.7449847234162,33.1109620897196,0.95,"mean","qi"
"dfs","dziban",23.1679634800016,15.295000845703,31.2233226393273,0.95,"mean","qi"
"bfs","compassql",20.1010304314711,17.5933787727019,22.5918589167417,0.5,"mean","qi"
"bfs","dziban",22.5505968824488,14.9817867511608,29.7188666514187,0.5,"mean","qi"
"dfs","compassql",25.6035128348192,23.0548778034978,28.285114256546,0.5,"mean","qi"
"dfs","dziban",23.1679634800016,20.5348012884666,25.8310538518145,0.5,"mean","qi"
