"oracle","task","diff",".lower",".upper",".width",".point",".interval"
"dziban - compassql","3. Prediction",24.0083568539064,-0.618231630290564,48.8232431409164,0.95,"mean","qi"
"dziban - compassql","4. Exploration",24.3985410856224,0.198313014389007,48.7289852889659,0.95,"mean","qi"
"dziban - compassql","3. Prediction",24.0083568539064,15.6463163426662,32.4847515398261,0.5,"mean","qi"
"dziban - compassql","4. Exploration",24.3985410856224,16.0236673258367,32.5645783118241,0.5,"mean","qi"
