"oracle","task","diff",".lower",".upper",".width",".point",".interval"
"dziban - compassql","3. Prediction",24.3116040321399,-0.163552171299085,48.308223906333,0.95,"mean","qi"
"dziban - compassql","4. Exploration",24.6875847261114,-0.0550001813540372,48.3523514097839,0.95,"mean","qi"
"dziban - compassql","3. Prediction",24.3116040321399,15.956876560883,32.7381387387937,0.5,"mean","qi"
"dziban - compassql","4. Exploration",24.6875847261114,16.7171842252624,33.2202323364131,0.5,"mean","qi"
