"oracle","task","difference",".lower",".upper",".width",".point",".interval"
"dziban - compassql","3. Prediction",17.0291217610639,5.41080047108666,29.8022374726041,0.95,"mean","qi"
"dziban - compassql","4. Exploration",20.5421933358184,6.3521379329028,35.8342114723663,0.95,"mean","qi"
"dziban - compassql","3. Prediction",17.0291217610639,12.7256892116392,21.0092652435655,0.5,"mean","qi"
"dziban - compassql","4. Exploration",20.5421933358184,15.3901308897522,25.465592623781,0.5,"mean","qi"
