"oracle","task","diff",".lower",".upper",".width",".point",".interval"
"dziban - compassql","3. Prediction",15.2105722365747,-28.6850057786185,58.1506700011773,0.95,"mean","qi"
"dziban - compassql","4. Exploration",32.7438357768503,-1.47440688607997,65.848284842588,0.95,"mean","qi"
"dziban - compassql","3. Prediction",15.2105722365747,-3.22458663450127,33.648152709162,0.5,"mean","qi"
"dziban - compassql","4. Exploration",32.7438357768503,21.0508137418203,44.2134208870646,0.5,"mean","qi"
