"search","dataset","task","diff",".lower",".upper",".width",".point",".interval"
"dfs - bfs","birdstrikes","3. Prediction",2.72600042443264,-29.991742763847,35.732870582396,0.95,"mean","qi"
"dfs - bfs","birdstrikes","4. Exploration",-32.9788022405885,-65.5788913998252,-0.661457792128172,0.95,"mean","qi"
"dfs - bfs","movies","3. Prediction",-7.5232077916777,-39.3152402486178,23.6770765394898,0.95,"mean","qi"
"dfs - bfs","movies","4. Exploration",-26.8389180440055,-57.7472783544126,3.72582771447972,0.95,"mean","qi"
"dfs - bfs","birdstrikes","3. Prediction",2.72600042443264,-8.43504686037337,13.7418330164675,0.5,"mean","qi"
"dfs - bfs","birdstrikes","4. Exploration",-32.9788022405885,-44.0934805212156,-21.8030224840655,0.5,"mean","qi"
"dfs - bfs","movies","3. Prediction",-7.5232077916777,-18.1954400015739,3.19705186145704,0.5,"mean","qi"
"dfs - bfs","movies","4. Exploration",-26.8389180440055,-37.8637500916374,-15.9144299869238,0.5,"mean","qi"
