"search","dataset","task","diff",".lower",".upper",".width",".point",".interval"
"dfs - bfs","birdstrikes","3. Prediction",2.8159249978833,-29.5821254815203,36.3933391881044,0.95,"mean","qi"
"dfs - bfs","birdstrikes","4. Exploration",-32.974219402229,-66.4132221959616,-1.90925469562208,0.95,"mean","qi"
"dfs - bfs","movies","3. Prediction",-7.92360677887244,-39.0246966064248,24.2964054957017,0.95,"mean","qi"
"dfs - bfs","movies","4. Exploration",-27.2419483929781,-57.0413900527979,5.45695775571815,0.95,"mean","qi"
"dfs - bfs","birdstrikes","3. Prediction",2.8159249978833,-8.3949882805302,13.9636867901309,0.5,"mean","qi"
"dfs - bfs","birdstrikes","4. Exploration",-32.974219402229,-44.566348876163,-21.2505075161828,0.5,"mean","qi"
"dfs - bfs","movies","3. Prediction",-7.92360677887244,-18.6228265306676,2.71775299746006,0.5,"mean","qi"
"dfs - bfs","movies","4. Exploration",-27.2419483929781,-38.1595393841236,-16.6695564790335,0.5,"mean","qi"
