"search","task","diff",".lower",".upper",".width",".point",".interval"
"dfs - bfs","3. Prediction",-16.379663128608,-40.7760050137204,8.8141946039933,0.95,"mean","qi"
"dfs - bfs","4. Exploration",-16.1873043850149,-40.5844998615281,8.604849398463,0.95,"mean","qi"
"dfs - bfs","3. Prediction",-16.379663128608,-24.9901130554192,-7.68145347014502,0.5,"mean","qi"
"dfs - bfs","4. Exploration",-16.1873043850149,-24.4708130871254,-7.86203833017052,0.5,"mean","qi"
