"search","dataset","task","diff",".lower",".upper",".width",".point",".interval"
"dfs - bfs","birdstrikes","3. Prediction",-16.1489221573367,-40.6723180254063,9.51596801010657,0.95,"mean","qi"
"dfs - bfs","birdstrikes","4. Exploration",-16.0478693601671,-40.8699078535595,9.32903218204392,0.95,"mean","qi"
"dfs - bfs","movies","3. Prediction",-16.6023488158311,-41.1639237140074,8.28311191240421,0.95,"mean","qi"
"dfs - bfs","movies","4. Exploration",-16.2332720263263,-40.0520293863257,8.9646514182115,0.95,"mean","qi"
"dfs - bfs","birdstrikes","3. Prediction",-16.1489221573367,-24.4869457765052,-7.94278937550208,0.5,"mean","qi"
"dfs - bfs","birdstrikes","4. Exploration",-16.0478693601671,-24.4665883664778,-7.5190576421764,0.5,"mean","qi"
"dfs - bfs","movies","3. Prediction",-16.6023488158311,-25.1825484153099,-8.16384431578065,0.5,"mean","qi"
"dfs - bfs","movies","4. Exploration",-16.2332720263263,-24.6378180728986,-8.17486735725295,0.5,"mean","qi"
