"search","dataset","task","diff",".lower",".upper",".width",".point",".interval"
"dfs - bfs","birdstrikes","3. Prediction",-16.0929045228486,-41.2415849170122,9.26231352385199,0.95,"mean","qi"
"dfs - bfs","birdstrikes","4. Exploration",-16.0667245872288,-39.9696872223452,8.90215280262344,0.95,"mean","qi"
"dfs - bfs","movies","3. Prediction",-16.6664217343674,-40.1857947563419,8.14892857614271,0.95,"mean","qi"
"dfs - bfs","movies","4. Exploration",-16.3078841828011,-40.8918241776577,8.07326598330286,0.95,"mean","qi"
"dfs - bfs","birdstrikes","3. Prediction",-16.0929045228486,-24.8658272526287,-7.25776713936678,0.5,"mean","qi"
"dfs - bfs","birdstrikes","4. Exploration",-16.0667245872288,-24.4866818920809,-7.77222928065875,0.5,"mean","qi"
"dfs - bfs","movies","3. Prediction",-16.6664217343674,-25.070859448977,-8.15031704341849,0.5,"mean","qi"
"dfs - bfs","movies","4. Exploration",-16.3078841828011,-24.450945719723,-7.96969286160684,0.5,"mean","qi"
