"search","task","diff",".lower",".upper",".width",".point",".interval"
"dfs - bfs","3. Prediction",-2.55384089049457,-35.4364011821758,32.2527488968741,0.95,"mean","qi"
"dfs - bfs","4. Exploration",-30.1080838976035,-63.0089814496805,2.35416578211373,0.95,"mean","qi"
"dfs - bfs","3. Prediction",-2.55384089049457,-13.9742377937625,8.77043752664713,0.5,"mean","qi"
"dfs - bfs","4. Exploration",-30.1080838976035,-41.5508377568392,-18.5948320029389,0.5,"mean","qi"
