"search","task","diff",".lower",".upper",".width",".point",".interval"
"dfs - bfs","3. Prediction",-16.3756354865839,-40.962043724083,8.86313759545746,0.95,"mean","qi"
"dfs - bfs","4. Exploration",-16.1405706932467,-40.3721746577876,9.19525474813054,0.95,"mean","qi"
"dfs - bfs","3. Prediction",-16.3756354865839,-24.8944602360666,-8.07534471948159,0.5,"mean","qi"
"dfs - bfs","4. Exploration",-16.1405706932467,-24.5622148287734,-7.82353426258996,0.5,"mean","qi"
