"search","task","diff",".lower",".upper",".width",".point",".interval"
"dfs - bfs","3. Prediction",-2.39860368362253,-35.1437335269572,31.0201503271932,0.95,"mean","qi"
"dfs - bfs","4. Exploration",-29.908860142297,-62.4218818903224,1.96039130019827,0.95,"mean","qi"
"dfs - bfs","3. Prediction",-2.39860368362253,-13.8486924280545,8.8049866204952,0.5,"mean","qi"
"dfs - bfs","4. Exploration",-29.908860142297,-40.7967091172243,-18.8786306998024,0.5,"mean","qi"
