"search","oracle",".value",".lower",".upper",".width",".point",".interval"
"bfs","compassql",82.7349516575217,65.661007425903,100.63508462162,0.95,"mean","qi"
"bfs","dziban",85.2714734194551,67.8654298892586,102.582416281325,0.95,"mean","qi"
"dfs","compassql",57.2509621944177,39.7797975945479,73.9168862158639,0.95,"mean","qi"
"dfs","dziban",82.5313423939086,64.6776471190735,99.9691642439616,0.95,"mean","qi"
"bfs","compassql",82.7349516575217,75.7934512236723,89.5374822672629,0.5,"mean","qi"
"bfs","dziban",85.2714734194551,78.4743654296698,91.988604563112,0.5,"mean","qi"
"dfs","compassql",57.2509621944177,50.4901118293431,64.1629673265055,0.5,"mean","qi"
"dfs","dziban",82.5313423939086,75.5948663472733,89.463798400618,0.5,"mean","qi"
