"search","oracle",".value",".lower",".upper",".width",".point",".interval"
"bfs","compassql",82.8264001563348,65.7824882806958,100.708927104944,0.95,"mean","qi"
"bfs","dziban",85.2484290945374,67.9176079363126,102.082909579926,0.95,"mean","qi"
"dfs","compassql",57.528215243385,39.9620499660769,74.4281906904423,0.95,"mean","qi"
"dfs","dziban",82.2483638946192,64.9505303117793,99.4534575114373,0.95,"mean","qi"
"bfs","compassql",82.8264001563348,75.986961075218,89.5499582567721,0.5,"mean","qi"
"bfs","dziban",85.2484290945374,78.2423101726047,92.0333323330152,0.5,"mean","qi"
"dfs","compassql",57.528215243385,50.675293430129,64.4787860349713,0.5,"mean","qi"
"dfs","dziban",82.2483638946192,75.2608546991066,89.1990424895788,0.5,"mean","qi"
