"search","oracle",".value",".lower",".upper",".width",".point",".interval"
"bfs","compassql",91.2706392814766,72.2542481996775,111.187534780145,0.95,"mean","qi"
"bfs","dziban",90.2311020700575,70.003179282324,109.705556252732,0.95,"mean","qi"
"dfs","compassql",42.4579268695027,21.6176069691708,63.0888145950504,0.95,"mean","qi"
"dfs","dziban",83.5189736091119,54.8418965673966,109.566545802229,0.95,"mean","qi"
"bfs","compassql",91.2706392814766,84.5144833211463,97.946206549409,0.5,"mean","qi"
"bfs","dziban",90.2311020700575,83.4974224515636,97.2418848974157,0.5,"mean","qi"
"dfs","compassql",42.4579268695027,35.297093840635,49.4255901529548,0.5,"mean","qi"
"dfs","dziban",83.5189736091119,71.9405684042208,95.5200431314881,0.5,"mean","qi"
