"search","oracle",".value",".lower",".upper",".width",".point",".interval"
"bfs","compassql",69.1550619069216,51.9224803727148,86.6938284031832,0.95,"mean","qi"
"bfs","dziban",71.6915836688551,54.2941108784993,88.2694465890387,0.95,"mean","qi"
"dfs","compassql",43.6710724438177,26.2896068280143,60.2581052940862,0.95,"mean","qi"
"dfs","dziban",68.9514526433086,51.5308540561907,86.2168941536355,0.95,"mean","qi"
"bfs","compassql",69.1550619069216,62.4220552705244,75.8941669159203,0.5,"mean","qi"
"bfs","dziban",71.6915836688551,64.9382141476086,78.5911815347422,0.5,"mean","qi"
"dfs","compassql",43.6710724438177,36.8291701574106,50.4963343507198,0.5,"mean","qi"
"dfs","dziban",68.9514526433086,62.1397818109373,75.8303046165359,0.5,"mean","qi"
