"search","oracle",".value",".lower",".upper",".width",".point",".interval"
"bfs","compassql",61.0494846533011,42.4338649266161,79.6405841558318,0.95,"mean","qi"
"bfs","dziban",66.4647219748241,31.1610165157465,98.6442963357937,0.95,"mean","qi"
"dfs","compassql",58.7988106832495,39.9761361360544,77.1886656141994,0.95,"mean","qi"
"dfs","dziban",67.5508513008993,40.3569499282611,93.784826855167,0.95,"mean","qi"
"bfs","compassql",61.0494846533011,54.8210251307954,67.4506014809498,0.5,"mean","qi"
"bfs","dziban",66.4647219748241,47.7718484757677,84.3674870863499,0.5,"mean","qi"
"dfs","compassql",58.7988106832495,52.4677636855486,65.2549015094662,0.5,"mean","qi"
"dfs","dziban",67.5508513008993,56.0766161836662,78.9052318718739,0.5,"mean","qi"
