"search","oracle",".value",".lower",".upper",".width",".point",".interval"
"bfs","compassql",69.1324030073465,52.3998478436744,86.4748327015883,0.95,"mean","qi"
"bfs","dziban",71.5544319455491,53.8953355733556,88.4172036711729,0.95,"mean","qi"
"dfs","compassql",43.8342180943967,26.1876588112478,61.2678047422282,0.95,"mean","qi"
"dfs","dziban",68.5543667456309,51.290857124683,85.7357976565742,0.95,"mean","qi"
"bfs","compassql",69.1324030073465,62.249800158376,76.0600330144364,0.5,"mean","qi"
"bfs","dziban",71.5544319455491,64.7274996699988,78.3756404996801,0.5,"mean","qi"
"dfs","compassql",43.8342180943967,36.9192988418814,50.5095398626353,0.5,"mean","qi"
"dfs","dziban",68.5543667456309,61.6785702366331,75.57804042197,0.5,"mean","qi"
