"search","oracle",".value",".lower",".upper",".width",".point",".interval"
"bfs","compassql",89.4314902774845,69.9226048712101,109.320928805108,0.95,"mean","qi"
"bfs","dziban",99.3595545825881,78.9364079821269,118.789726615018,0.95,"mean","qi"
"dfs","compassql",58.4947895833466,38.3185985985154,78.088500129239,0.95,"mean","qi"
"dfs","dziban",98.4654440799751,78.0765168939638,118.480955209318,0.95,"mean","qi"
"bfs","compassql",89.4314902774845,81.8465939064582,96.843981491964,0.5,"mean","qi"
"bfs","dziban",99.3595545825881,91.7968699278949,106.956760098587,0.5,"mean","qi"
"dfs","compassql",58.4947895833466,51.1624173538926,66.036470057471,0.5,"mean","qi"
"dfs","dziban",98.4654440799751,90.9442738145968,106.14946613224,0.5,"mean","qi"
