"search","oracle",".value",".lower",".upper",".width",".point",".interval"
"bfs","compassql",97.4112909601359,73.8761999142504,121.071956238207,0.95,"mean","qi"
"bfs","dziban",105.068717374112,79.4978660737806,129.80899241815,0.95,"mean","qi"
"dfs","compassql",42.3925529968572,17.7103611029192,66.7889778468924,0.95,"mean","qi"
"dfs","dziban",100.853930052589,71.731888419195,127.985619406155,0.95,"mean","qi"
"bfs","compassql",97.4112909601359,89.5348832247293,105.271915253339,0.5,"mean","qi"
"bfs","dziban",105.068717374112,96.3131105441706,113.946038075034,0.5,"mean","qi"
"dfs","compassql",42.3925529968572,34.047487209717,51.0136984364142,0.5,"mean","qi"
"dfs","dziban",100.853930052589,90.4372309077099,111.581810049698,0.5,"mean","qi"
