"search","oracle",".value",".lower",".upper",".width",".point",".interval"
"bfs","compassql",73.4705109577664,53.5770906130286,93.2214853627785,0.95,"mean","qi"
"bfs","dziban",83.1973309153473,63.0542235253308,102.913741313268,0.95,"mean","qi"
"dfs","compassql",42.5069510280457,22.62212114325,61.8027318308081,0.95,"mean","qi"
"dfs","dziban",82.7595426123598,62.6861177228913,102.623236232833,0.95,"mean","qi"
"bfs","compassql",73.4705109577664,65.8706119561057,81.1664545119317,0.5,"mean","qi"
"bfs","dziban",83.1973309153473,75.5065699038989,90.8078357150295,0.5,"mean","qi"
"dfs","compassql",42.5069510280457,34.8004883361174,50.2781321738425,0.5,"mean","qi"
"dfs","dziban",82.7595426123598,75.2756975586665,90.2719875237565,0.5,"mean","qi"
