"search","oracle",".value",".lower",".upper",".width",".point",".interval"
"bfs","compassql",73.4647289529515,54.3962073897191,93.4714979370497,0.95,"mean","qi"
"bfs","dziban",83.3927932580551,62.8781658215691,103.119012392247,0.95,"mean","qi"
"dfs","compassql",42.5280282588136,22.3273321850447,62.1785042440906,0.95,"mean","qi"
"dfs","dziban",82.4986827554421,62.1227696494274,102.891138891184,0.95,"mean","qi"
"bfs","compassql",73.4647289529515,65.9239804740888,80.8749345218434,0.5,"mean","qi"
"bfs","dziban",83.3927932580551,75.8988193142832,91.0432994135512,0.5,"mean","qi"
"dfs","compassql",42.5280282588136,34.9582473314921,50.1636483565796,0.5,"mean","qi"
"dfs","dziban",82.4986827554421,74.7911024284976,90.0621189380148,0.5,"mean","qi"
