"search","oracle",".value",".lower",".upper",".width",".point",".interval"
"bfs","compassql",65.8376925941824,42.8927032933476,87.9953200299622,0.95,"mean","qi"
"bfs","dziban",76.8474023592165,31.9901503337342,116.995295715322,0.95,"mean","qi"
"dfs","compassql",58.3639245466829,35.4296455152307,81.0539835578427,0.95,"mean","qi"
"dfs","dziban",80.4912188623143,49.2800983414598,108.967548894045,0.95,"mean","qi"
"bfs","compassql",65.8376925941824,58.0894157503333,73.5750955815918,0.5,"mean","qi"
"bfs","dziban",76.8474023592165,52.8834221146988,99.4864275213269,0.5,"mean","qi"
"dfs","compassql",58.3639245466829,50.7809323664888,66.16205834998,0.5,"mean","qi"
"dfs","dziban",80.4912188623143,69.1131589417028,92.0487037034227,0.5,"mean","qi"
