"oracle","dataset","task","difference",".lower",".upper",".width",".point",".interval"
"dziban - compassql","birdstrikes","1. Find Extremum",0.0990127942574406,-0.0240980076337016,0.214532894855043,0.95,"mean","qi"
"dziban - compassql","birdstrikes","2. Retrieve Value",0.0606805512717968,-0.00904124508378254,0.165995631674715,0.95,"mean","qi"
"dziban - compassql","movies","1. Find Extremum",0.0672495832309232,-0.0114434378779157,0.179712682000378,0.95,"mean","qi"
"dziban - compassql","movies","2. Retrieve Value",0.0379394788767791,-0.00410357889787555,0.120290171773796,0.95,"mean","qi"
"dziban - compassql","birdstrikes","1. Find Extremum",0.0990127942574406,0.0616148563584421,0.137526372872535,0.5,"mean","qi"
"dziban - compassql","birdstrikes","2. Retrieve Value",0.0606805512717968,0.0304504443174161,0.0850083614709261,0.5,"mean","qi"
"dziban - compassql","movies","1. Find Extremum",0.0672495832309232,0.0321213460979124,0.0955744687719731,0.5,"mean","qi"
"dziban - compassql","movies","2. Retrieve Value",0.0379394788767791,0.0150681876112838,0.0537960643384318,0.5,"mean","qi"
