"oracle","dataset","task","diff",".lower",".upper",".width",".point",".interval"
"dziban - compassql","birdstrikes","1. Find Extremum",0.058629186293216,-0.0674908363818612,0.170580592996049,0.95,"mean","qi"
"dziban - compassql","birdstrikes","2. Retrieve Value",0.0406421442253814,-0.0388826979844505,0.148200042293382,0.95,"mean","qi"
"dziban - compassql","movies","1. Find Extremum",0.0450002577850508,-0.0439614698958493,0.160459584254485,0.95,"mean","qi"
"dziban - compassql","movies","2. Retrieve Value",0.0302326313657582,-0.0247177184429602,0.118334818565876,0.95,"mean","qi"
"dziban - compassql","birdstrikes","1. Find Extremum",0.058629186293216,0.0225267432535054,0.095774000422982,0.5,"mean","qi"
"dziban - compassql","birdstrikes","2. Retrieve Value",0.0406421442253814,0.012635990067786,0.0640774703188648,0.5,"mean","qi"
"dziban - compassql","movies","1. Find Extremum",0.0450002577850508,0.0126916663876548,0.0720243661145699,0.5,"mean","qi"
"dziban - compassql","movies","2. Retrieve Value",0.0302326313657582,0.00701239035253143,0.0474551183817161,0.5,"mean","qi"
