"oracle","dataset","task","difference",".lower",".upper",".width",".point",".interval"
"dziban - compassql","birdstrikes","1. Find Extremum",0.120781825933107,-0.0291086299664939,0.272043148619574,0.95,"mean","qi"
"dziban - compassql","birdstrikes","2. Retrieve Value",0.0788590358031182,-0.0162140436372111,0.214815137431783,0.95,"mean","qi"
"dziban - compassql","movies","1. Find Extremum",0.0182544979923376,-0.134717173209583,0.169911530482322,0.95,"mean","qi"
"dziban - compassql","movies","2. Retrieve Value",0.0131828090821646,-0.0800814024263613,0.121163850379483,0.95,"mean","qi"
"dziban - compassql","birdstrikes","1. Find Extremum",0.120781825933107,0.0762441489301949,0.166494171436417,0.5,"mean","qi"
"dziban - compassql","birdstrikes","2. Retrieve Value",0.0788590358031182,0.0389748587884897,0.110226495697845,0.5,"mean","qi"
"dziban - compassql","movies","1. Find Extremum",0.0182544979923376,-0.0211632164709776,0.0591848139894205,0.5,"mean","qi"
"dziban - compassql","movies","2. Retrieve Value",0.0131828090821646,-0.0101647023791382,0.034809509004701,0.5,"mean","qi"
