"search","dataset","task","diff",".lower",".upper",".width",".point",".interval"
"bfs - dfs","birdstrikes","1. Find Extremum",-0.0613426416510698,-0.181083411181699,0.0603144122845853,0.95,"mean","qi"
"bfs - dfs","birdstrikes","2. Retrieve Value",-0.0429782249068532,-0.154268838845983,0.0389892716222893,0.95,"mean","qi"
"bfs - dfs","movies","1. Find Extremum",-0.045494170516812,-0.157087333998127,0.0429850861042345,0.95,"mean","qi"
"bfs - dfs","movies","2. Retrieve Value",-0.0309408824188527,-0.121254976052436,0.0246691544550937,0.95,"mean","qi"
"bfs - dfs","birdstrikes","1. Find Extremum",-0.0613426416510698,-0.0983368573680548,-0.0246035882045827,0.5,"mean","qi"
"bfs - dfs","birdstrikes","2. Retrieve Value",-0.0429782249068532,-0.0664965680538108,-0.0139707316916509,0.5,"mean","qi"
"bfs - dfs","movies","1. Find Extremum",-0.045494170516812,-0.0724871514149859,-0.0139013861464509,0.5,"mean","qi"
"bfs - dfs","movies","2. Retrieve Value",-0.0309408824188527,-0.0484482956443086,-0.00782814295935488,0.5,"mean","qi"
