"search","dataset","difference_in_accuracy",".lower",".upper",".width",".point",".interval","metric"
"dfs - bfs","birdstrikes",-0.0299714285714286,-0.428571428571429,0.357142857142857,0.95,"mean","qi","1. Find Extremum"
"dfs - bfs","movies",-0.0328083333333333,-0.375,0.341666666666667,0.95,"mean","qi","1. Find Extremum"
"dfs - bfs","birdstrikes",-0.0299714285714286,-0.142857142857143,0.142857142857143,0.5,"mean","qi","1. Find Extremum"
"dfs - bfs","movies",-0.0328083333333333,-0.170833333333333,0.0833333333333334,0.5,"mean","qi","1. Find Extremum"
"dfs - bfs","birdstrikes",0.0345285714285714,-0.287499999999992,0.428571428571429,0.95,"mean","qi","2. Retrieve Value"
"dfs - bfs","movies",0.0386975,-0.366666666666667,0.466770833333332,0.95,"mean","qi","2. Retrieve Value"
"dfs - bfs","birdstrikes",0.0345285714285714,-0.0714285714285714,0.142857142857143,0.5,"mean","qi","2. Retrieve Value"
"dfs - bfs","movies",0.0386975,-0.104166666666667,0.158333333333333,0.5,"mean","qi","2. Retrieve Value"
