"search","dataset","task","difference",".lower",".upper",".width",".point",".interval"
"bfs - dfs","birdstrikes","1. Find Extremum",-0.0885609129873557,-0.223968947423391,0.0698179529505143,0.95,"mean","qi"
"bfs - dfs","birdstrikes","2. Retrieve Value",-0.0608629189642116,-0.192282405770856,0.0337857257145822,0.95,"mean","qi"
"bfs - dfs","movies","1. Find Extremum",-0.0510391806990733,-0.20752780432184,0.0887840426446977,0.95,"mean","qi"
"bfs - dfs","movies","2. Retrieve Value",-0.0313174228737765,-0.146152471143768,0.0540193030358818,0.95,"mean","qi"
"bfs - dfs","birdstrikes","1. Find Extremum",-0.0885609129873557,-0.135904982338804,-0.0476584522364474,0.5,"mean","qi"
"bfs - dfs","birdstrikes","2. Retrieve Value",-0.0608629189642116,-0.0908932687815512,-0.0244727625482613,0.5,"mean","qi"
"bfs - dfs","movies","1. Find Extremum",-0.0510391806990733,-0.0929218869816574,-0.00686568877502033,0.5,"mean","qi"
"bfs - dfs","movies","2. Retrieve Value",-0.0313174228737765,-0.05433000992184,-0.00349251639790465,0.5,"mean","qi"
