"search","dataset","task","difference",".lower",".upper",".width",".point",".interval"
"bfs - dfs","birdstrikes","1. Find Extremum",-0.101227218542329,-0.220724977760116,0.0237995630051561,0.95,"mean","qi"
"bfs - dfs","birdstrikes","2. Retrieve Value",-0.0620598733522116,-0.170671664350935,0.00959825791782344,0.95,"mean","qi"
"bfs - dfs","movies","1. Find Extremum",-0.0687402327075043,-0.186687219251214,0.0106178791766291,0.95,"mean","qi"
"bfs - dfs","movies","2. Retrieve Value",-0.0386983956736811,-0.118990572663778,0.00431367230618609,0.95,"mean","qi"
"bfs - dfs","birdstrikes","1. Find Extremum",-0.101227218542329,-0.140238188512389,-0.0634504920456705,0.5,"mean","qi"
"bfs - dfs","birdstrikes","2. Retrieve Value",-0.0620598733522116,-0.0857548873013084,-0.0306330048425992,0.5,"mean","qi"
"bfs - dfs","movies","1. Find Extremum",-0.0687402327075043,-0.0974705483544247,-0.0337535634987931,0.5,"mean","qi"
"bfs - dfs","movies","2. Retrieve Value",-0.0386983956736811,-0.0552210544183439,-0.015493577965944,0.5,"mean","qi"
