"oracle","task","diff",".lower",".upper",".width",".point",".interval"
"dziban - compassql","3. Prediction",13.3044566680115,-7.08053355805687,33.8589359331463,0.95,"mean","qi"
"dziban - compassql","4. Exploration",13.6084357389271,-6.46889583030159,33.5804750414672,0.95,"mean","qi"
"dziban - compassql","3. Prediction",13.3044566680115,6.10088125506293,20.5920008235582,0.5,"mean","qi"
"dziban - compassql","4. Exploration",13.6084357389271,6.60532083730222,20.6311121844279,0.5,"mean","qi"
