"oracle","task","diff",".lower",".upper",".width",".point",".interval"
"dziban - compassql","3. Prediction",13.0118358163049,-7.9350657665705,33.9162288228287,0.95,"mean","qi"
"dziban - compassql","4. Exploration",13.3431607722065,-7.46704346595382,33.7006768892866,0.95,"mean","qi"
"dziban - compassql","3. Prediction",13.0118358163049,5.82399969799007,20.0978030509609,0.5,"mean","qi"
"dziban - compassql","4. Exploration",13.3431607722065,6.21507747145452,20.5304675497345,0.5,"mean","qi"
