"oracle","task","diff",".lower",".upper",".width",".point",".interval"
"dziban - compassql","3. Prediction",5.90412384850046,-30.6051664605883,42.5418969457095,0.95,"mean","qi"
"dziban - compassql","4. Exploration",19.6680199601553,-9.22908744336227,47.5161979319757,0.95,"mean","qi"
"dziban - compassql","3. Prediction",5.90412384850046,-9.27680217998298,20.8985338960865,0.5,"mean","qi"
"dziban - compassql","4. Exploration",19.6680199601553,9.95049058469171,29.4182927886892,0.5,"mean","qi"
