"oracle","task","diff",".lower",".upper",".width",".point",".interval"
"dziban - compassql","3. Prediction",6.09108357423133,-31.8591224598421,41.9486551370466,0.95,"mean","qi"
"dziban - compassql","4. Exploration",19.6864660012343,-8.35730296323057,47.7291179086849,0.95,"mean","qi"
"dziban - compassql","3. Prediction",6.09108357423133,-8.58407348248019,21.1793984103603,0.5,"mean","qi"
"dziban - compassql","4. Exploration",19.6864660012343,9.63659850276407,29.6083729699956,0.5,"mean","qi"
