"search","dataset","task","diff",".lower",".upper",".width",".point",".interval"
"dfs - bfs","birdstrikes","3. Prediction",-14.7068321118047,-34.7388322788859,6.92126417838816,0.95,"mean","qi"
"dfs - bfs","birdstrikes","4. Exploration",-14.6531252508422,-36.4192204908386,6.09118678661823,0.95,"mean","qi"
"dfs - bfs","movies","3. Prediction",-14.7729810306238,-34.741163291769,4.87577017513671,0.95,"mean","qi"
"dfs - bfs","movies","4. Exploration",-14.4647663582639,-35.3115295299155,5.74526117668581,0.95,"mean","qi"
"dfs - bfs","birdstrikes","3. Prediction",-14.7068321118047,-22.0740693165457,-7.69329908706825,0.5,"mean","qi"
"dfs - bfs","birdstrikes","4. Exploration",-14.6531252508422,-21.7991628225969,-7.48664071035084,0.5,"mean","qi"
"dfs - bfs","movies","3. Prediction",-14.7729810306238,-21.9163276942395,-7.64492779196037,0.5,"mean","qi"
"dfs - bfs","movies","4. Exploration",-14.4647663582639,-21.5978951048826,-7.38701976212237,0.5,"mean","qi"
