"search","dataset","task","diff",".lower",".upper",".width",".point",".interval"
"dfs - bfs","birdstrikes","3. Prediction",1.41187026620774,-25.6368024344661,27.9556750468644,0.95,"mean","qi"
"dfs - bfs","birdstrikes","4. Exploration",-33.5026813818759,-60.3233505578178,-6.05801700133982,0.95,"mean","qi"
"dfs - bfs","movies","3. Prediction",-3.81384756431528,-29.2652541347866,22.2223059220511,0.95,"mean","qi"
"dfs - bfs","movies","4. Exploration",-23.1293616163737,-48.0579712585348,2.33739705208495,0.95,"mean","qi"
"dfs - bfs","birdstrikes","3. Prediction",1.41187026620774,-7.65450486891163,10.5785074020417,0.5,"mean","qi"
"dfs - bfs","birdstrikes","4. Exploration",-33.5026813818759,-42.9387615107627,-24.2715476696152,0.5,"mean","qi"
"dfs - bfs","movies","3. Prediction",-3.81384756431528,-12.3924163202601,4.59584831448164,0.5,"mean","qi"
"dfs - bfs","movies","4. Exploration",-23.1293616163737,-31.8580589859307,-14.2779211707171,0.5,"mean","qi"
