"search","task","difference",".lower",".upper",".width",".point",".interval"
"bfs - dfs","3. Prediction",12.9542578114907,3.46284214266641,22.6756772231007,0.95,"mean","qi"
"bfs - dfs","4. Exploration",15.4017078244089,4.09951478679729,27.3068319946312,0.95,"mean","qi"
"bfs - dfs","3. Prediction",12.9542578114907,9.45012746976913,16.2174863511416,0.5,"mean","qi"
"bfs - dfs","4. Exploration",15.4017078244089,11.1999781809564,19.2943317260454,0.5,"mean","qi"
