"search","task","diff",".lower",".upper",".width",".point",".interval"
"dfs - bfs","3. Prediction",-14.93484152319,-35.9965896588288,6.49145309739076,0.95,"mean","qi"
"dfs - bfs","4. Exploration",-14.7633591314444,-35.7561460969503,6.33578400038804,0.95,"mean","qi"
"dfs - bfs","3. Prediction",-14.93484152319,-22.2765099309116,-7.96933039115395,0.5,"mean","qi"
"dfs - bfs","4. Exploration",-14.7633591314444,-21.7358820514018,-7.80719702237563,0.5,"mean","qi"
