"search","dataset","task","diff",".lower",".upper",".width",".point",".interval"
"dfs - bfs","birdstrikes","3. Prediction",-14.8985698932641,-35.9160758328521,6.62650521595388,0.95,"mean","qi"
"dfs - bfs","birdstrikes","4. Exploration",-14.8472447793516,-36.5055841571439,6.61073733014089,0.95,"mean","qi"
"dfs - bfs","movies","3. Prediction",-14.9711131531159,-36.3136419062003,6.08624010312726,0.95,"mean","qi"
"dfs - bfs","movies","4. Exploration",-14.6794734835372,-34.7632199070891,5.79281681838968,0.95,"mean","qi"
"dfs - bfs","birdstrikes","3. Prediction",-14.8985698932641,-22.3511620549651,-7.957534454141,0.5,"mean","qi"
"dfs - bfs","birdstrikes","4. Exploration",-14.8472447793516,-22.0468867898448,-7.70098395568248,0.5,"mean","qi"
"dfs - bfs","movies","3. Prediction",-14.9711131531159,-22.0883037100327,-8.03757419112078,0.5,"mean","qi"
"dfs - bfs","movies","4. Exploration",-14.6794734835372,-21.447582688469,-7.86632467506512,0.5,"mean","qi"
