"search","task","diff",".lower",".upper",".width",".point",".interval"
"dfs - bfs","3. Prediction",-14.7399065712142,-34.741163291769,5.99381938486243,0.95,"mean","qi"
"dfs - bfs","4. Exploration",-14.558945804553,-35.5079337248119,6.0037771757548,0.95,"mean","qi"
"dfs - bfs","3. Prediction",-14.7399065712142,-21.9771590024004,-7.66644339292842,0.5,"mean","qi"
"dfs - bfs","4. Exploration",-14.558945804553,-21.6892748327077,-7.43000371251236,0.5,"mean","qi"
