"search","dataset","task","diff",".lower",".upper",".width",".point",".interval"
"dfs - bfs","birdstrikes","3. Prediction",1.29578958878025,-25.41041939359,28.4046620417995,0.95,"mean","qi"
"dfs - bfs","birdstrikes","4. Exploration",-33.4973581410072,-60.03864823201,-6.41782257333276,0.95,"mean","qi"
"dfs - bfs","movies","3. Prediction",-3.67097386112194,-28.8623783719655,22.1813767922091,0.95,"mean","qi"
"dfs - bfs","movies","4. Exploration",-23.0704550719439,-48.1647850788811,2.65749883348628,0.95,"mean","qi"
"dfs - bfs","birdstrikes","3. Prediction",1.29578958878025,-8.18270740460249,10.7442577768802,0.5,"mean","qi"
"dfs - bfs","birdstrikes","4. Exploration",-33.4973581410072,-42.7694018872131,-24.8025374394976,0.5,"mean","qi"
"dfs - bfs","movies","3. Prediction",-3.67097386112194,-12.9505758503313,4.93872949407519,0.5,"mean","qi"
"dfs - bfs","movies","4. Exploration",-23.0704550719439,-32.0080490314179,-14.3218367323006,0.5,"mean","qi"
