"search","task","diff",".lower",".upper",".width",".point",".interval"
"dfs - bfs","3. Prediction",-1.18759213617084,-27.6483697876411,26.1150484041278,0.95,"mean","qi"
"dfs - bfs","4. Exploration",-28.2839066064756,-56.6079078902142,-0.39885696946059,0.95,"mean","qi"
"dfs - bfs","3. Prediction",-1.18759213617084,-10.6774770872277,8.08035444588797,0.5,"mean","qi"
"dfs - bfs","4. Exploration",-28.2839066064756,-37.8300394763159,-18.5513850081205,0.5,"mean","qi"
