"oracle","task","diff",".lower",".upper",".width",".point",".interval"
"dziban - compassql","3. Prediction",0.478583254077686,-13.4948936231531,13.9056409830576,0.95,"mean","qi"
"dziban - compassql","4. Exploration",4.222850215963,-7.12385069605608,15.458232621921,0.95,"mean","qi"
"dziban - compassql","3. Prediction",0.478583254077686,-4.39235973181059,5.39651649661004,0.5,"mean","qi"
"dziban - compassql","4. Exploration",4.222850215963,0.321779216180364,8.16482008844681,0.5,"mean","qi"
