"oracle","task","diff",".lower",".upper",".width",".point",".interval"
"dziban - compassql","3. Prediction",2.53921421022171,-5.18984527016848,10.4431222919065,0.95,"mean","qi"
"dziban - compassql","4. Exploration",2.65178499928083,-5.23341811343093,10.566476777211,0.95,"mean","qi"
"dziban - compassql","3. Prediction",2.53921421022171,-0.209991900171412,5.25825006360064,0.5,"mean","qi"
"dziban - compassql","4. Exploration",2.65178499928083,-0.0284038959862167,5.31257417007529,0.5,"mean","qi"
