"oracle","task","diff",".lower",".upper",".width",".point",".interval"
"dziban - compassql","3. Prediction",2.35151334075163,-5.34378513896589,10.2511577597259,0.95,"mean","qi"
"dziban - compassql","4. Exploration",2.45935712706248,-5.2741474667068,10.3932157329389,0.95,"mean","qi"
"dziban - compassql","3. Prediction",2.35151334075163,-0.315662008422574,5.05003279494641,0.5,"mean","qi"
"dziban - compassql","4. Exploration",2.45935712706248,-0.222516653125748,5.19140796457399,0.5,"mean","qi"
