"search","task","diff",".lower",".upper",".width",".point",".interval"
"dfs - bfs","3. Prediction",-1.84397769954973,-9.94705271154498,6.05071266714045,0.95,"mean","qi"
"dfs - bfs","4. Exploration",-1.78520462903474,-9.56936941523933,6.18128346080414,0.95,"mean","qi"
"dfs - bfs","3. Prediction",-1.84397769954973,-4.48088787089664,0.818434828092943,0.5,"mean","qi"
"dfs - bfs","4. Exploration",-1.78520462903474,-4.54409005527525,0.901786671653522,0.5,"mean","qi"
