"search","task","diff",".lower",".upper",".width",".point",".interval"
"dfs - bfs","3. Prediction",-1.71575342849353,-9.72448162512842,6.25640893404483,0.95,"mean","qi"
"dfs - bfs","4. Exploration",-1.65560198798638,-9.43990528363562,6.2310687652008,0.95,"mean","qi"
"dfs - bfs","3. Prediction",-1.71575342849353,-4.47528605577681,1.003242380639,0.5,"mean","qi"
"dfs - bfs","4. Exploration",-1.65560198798638,-4.3022084842058,0.936829522330406,0.5,"mean","qi"
