"search","dataset","task","diff",".lower",".upper",".width",".point",".interval"
"dfs - bfs","birdstrikes","3. Prediction",-1.77193260377656,-9.48894267465151,6.15764544356385,0.95,"mean","qi"
"dfs - bfs","birdstrikes","4. Exploration",-1.75092459973092,-9.55134835262684,6.21236254470337,0.95,"mean","qi"
"dfs - bfs","movies","3. Prediction",-1.91602279532289,-10.2200222681117,5.99258883509202,0.95,"mean","qi"
"dfs - bfs","movies","4. Exploration",-1.81948465833857,-9.5700404854277,5.99075415084197,0.95,"mean","qi"
"dfs - bfs","birdstrikes","3. Prediction",-1.77193260377656,-4.44508929232141,0.855813894312444,0.5,"mean","qi"
"dfs - bfs","birdstrikes","4. Exploration",-1.75092459973092,-4.5168641048467,1.01542724813055,0.5,"mean","qi"
"dfs - bfs","movies","3. Prediction",-1.91602279532289,-4.50098377035821,0.794258715119597,0.5,"mean","qi"
"dfs - bfs","movies","4. Exploration",-1.81948465833857,-4.57846765259303,0.796863096575444,0.5,"mean","qi"
