"search","task","diff",".lower",".upper",".width",".point",".interval"
"dfs - bfs","3. Prediction",1.95368221393621,-11.5554220757934,15.7029320895399,0.95,"mean","qi"
"dfs - bfs","4. Exploration",-5.42840146693068,-19.1334504831074,8.52245218765318,0.95,"mean","qi"
"dfs - bfs","3. Prediction",1.95368221393621,-2.9851519580725,6.90172404847132,0.5,"mean","qi"
"dfs - bfs","4. Exploration",-5.42840146693068,-10.5112396370143,-0.474104007812702,0.5,"mean","qi"
