"search","task","diff",".lower",".upper",".width",".point",".interval"
"dfs - bfs","3. Prediction",1.96237379903408,-12.0938408083964,16.0014515718125,0.95,"mean","qi"
"dfs - bfs","4. Exploration",-5.39948146964694,-19.0727248543345,8.63553555947249,0.95,"mean","qi"
"dfs - bfs","3. Prediction",1.96237379903408,-3.05735333552213,7.01136849812529,0.5,"mean","qi"
"dfs - bfs","4. Exploration",-5.39948146964694,-10.4725714528221,-0.310257102159909,0.5,"mean","qi"
