"search","dataset","task","diff",".lower",".upper",".width",".point",".interval"
"dfs - bfs","birdstrikes","3. Prediction",-1.64897721790371,-9.8058714547418,6.62557945401999,0.95,"mean","qi"
"dfs - bfs","birdstrikes","4. Exploration",-1.63319670071294,-9.37126144362887,6.40499268116536,0.95,"mean","qi"
"dfs - bfs","movies","3. Prediction",-1.78252963908334,-9.48905075617753,5.97966740245986,0.95,"mean","qi"
"dfs - bfs","movies","4. Exploration",-1.67800727525981,-9.48706494229581,6.03104142379609,0.95,"mean","qi"
"dfs - bfs","birdstrikes","3. Prediction",-1.64897721790371,-4.43861845880751,1.08427520380573,0.5,"mean","qi"
"dfs - bfs","birdstrikes","4. Exploration",-1.63319670071294,-4.37584745376956,0.99400720409698,0.5,"mean","qi"
"dfs - bfs","movies","3. Prediction",-1.78252963908334,-4.49821329071499,0.920295087191352,0.5,"mean","qi"
"dfs - bfs","movies","4. Exploration",-1.67800727525981,-4.26095031027506,0.855729479554081,0.5,"mean","qi"
