"search","dataset","task","diff",".lower",".upper",".width",".point",".interval"
"dfs - bfs","birdstrikes","3. Prediction",5.96167767651738,-6.02278338065823,17.3660469391585,0.95,"mean","qi"
"dfs - bfs","birdstrikes","4. Exploration",-1.24087127794193,-12.4135115163383,10.3635773864976,0.95,"mean","qi"
"dfs - bfs","movies","3. Prediction",-2.05431324864497,-13.3263319220227,9.13933837465574,0.95,"mean","qi"
"dfs - bfs","movies","4. Exploration",-9.61593165591943,-20.9215783526355,1.85152653192242,0.95,"mean","qi"
"dfs - bfs","birdstrikes","3. Prediction",5.96167767651738,2.02272436827191,9.85873555455037,0.5,"mean","qi"
"dfs - bfs","birdstrikes","4. Exploration",-1.24087127794193,-5.18252664075855,2.61491509997444,0.5,"mean","qi"
"dfs - bfs","movies","3. Prediction",-2.05431324864497,-5.94289847068343,1.89575848099598,0.5,"mean","qi"
"dfs - bfs","movies","4. Exploration",-9.61593165591943,-13.6040929502271,-5.65736256130164,0.5,"mean","qi"
