"search","dataset","task","diff",".lower",".upper",".width",".point",".interval"
"dfs - bfs","birdstrikes","3. Prediction",6.05278842554945,-5.70838325276463,17.7971290704342,0.95,"mean","qi"
"dfs - bfs","birdstrikes","4. Exploration",-1.18116562323626,-12.3999505767435,10.9337123894031,0.95,"mean","qi"
"dfs - bfs","movies","3. Prediction",-2.12804082748129,-13.501335774147,9.78357105196512,0.95,"mean","qi"
"dfs - bfs","movies","4. Exploration",-9.61779731605762,-20.9771280570101,2.34571115060271,0.95,"mean","qi"
"dfs - bfs","birdstrikes","3. Prediction",6.05278842554945,2.06919140163321,9.98093589770369,0.5,"mean","qi"
"dfs - bfs","birdstrikes","4. Exploration",-1.18116562323626,-5.36033536305328,2.83173693878989,0.5,"mean","qi"
"dfs - bfs","movies","3. Prediction",-2.12804082748129,-5.95501085082793,1.72774875856379,0.5,"mean","qi"
"dfs - bfs","movies","4. Exploration",-9.61779731605762,-13.5087582171707,-5.85938029203361,0.5,"mean","qi"
